Periodo,Entidad federativa,Casos confirmados de tuberculosis,Población total,Tasa de incidencia asociada a la tuberculosis (todas las formas) por 100 mil habitantes
2014,Estados Unidos Mexicanos,20126,119713203,16.81184656
2014,Aguascalientes,56,1270174,4.408844772
2014,Baja California,1897,3432944,55.25869341
2014,Baja California Sur,170,741037,22.94082482
2014,Campeche,125,894136,13.9799762
2014,Coahuila de Zaragoza,528,2925594,18.047617
2014,Colima,162,710982,22.78538697
2014,Chiapas,1297,5186572,25.00688316
2014,Chihuahua,697,3673342,18.97454688
2014,Distrito Federal,787,8874724,8.867881412
2014,Durango,210,1746805,12.02194864
2014,Guanajuato,378,5769524,6.551667001
2014,Guerrero,1306,3546710,36.82285837
2014,Hidalgo,192,2842784,6.753942614
2014,Jalisco,1031,7838010,13.153849
2014,México,760,16618929,4.573098543
2014,Michoacán de Ocampo,324,4563849,7.099270813
2014,Morelos,196,1897393,10.32996327
2014,Nayarit,333,1201202,27.72223156
2014,Nuevo León,1105,5013589,22.04009942
2014,Oaxaca,791,3986206,19.84343007
2014,Puebla,663,6131498,10.81301829
2014,Querétaro,229,1974436,11.59824882
2014,Quintana Roo,294,1529877,19.21723119
2014,San Luis Potosí,393,2728208,14.40506002
2014,Sinaloa,1003,2958691,33.90012678
2014,Sonora,927,2892464,32.04879992
2014,Tabasco,673,2359444,28.52366914
2014,Tamaulipas,1095,3502721,31.26141077
2014,Tlaxcala,54,1260628,4.283579295
2014,Veracruz de Ignacio de la Llave,2141,7985893,26.80977569
2014,Yucatán,224,2091513,10.70995017
2014,Zacatecas,85,1563324,5.437132674
2013,Estados Unidos Mexicanos,19703,118395054,16.64174248
2013,Aguascalientes,95,1252265,7.586253708
2013,Baja California,1839,3381080,54.39090468
2013,Baja California Sur,177,718196,24.64508296
2013,Campeche,156,880299,17.72125153
2013,Coahuila de Zaragoza,609,2890108,21.0718769
2013,Colima,117,698295,16.75509634
2013,Chiapas,1246,5119186,24.33980715
2013,Chihuahua,696,3635966,19.14209319
2013,Distrito Federal,811,8893742,9.118771379
2013,Durango,203,1728429,11.74476938
2013,Guanajuato,366,5719709,6.398926938
2013,Guerrero,1337,3523858,37.94136994
2013,Hidalgo,237,2806334,8.445181507
2013,Jalisco,981,7742303,12.67064851
2013,México,744,16364210,4.546507286
2013,Michoacán de Ocampo,327,4529914,7.21868009
2013,Morelos,220,1874188,11.73841685
2013,Nayarit,291,1178403,24.69443815
2013,Nuevo León,1233,4941059,24.95416468
2013,Oaxaca,698,3959042,17.63052779
2013,Puebla,536,6067607,8.833795597
2013,Querétaro,245,1943889,12.60360031
2013,Quintana Roo,244,1484960,16.43141903
2013,San Luis Potosí,342,2702145,12.65661169
2013,Sinaloa,878,2932313,29.94223332
2013,Sonora,854,2851462,29.94954869
2013,Tabasco,619,2334493,26.51539328
2013,Tamaulipas,1108,3461336,32.01076116
2013,Tlaxcala,50,1242734,4.023387145
2013,Veracruz de Ignacio de la Llave,2114,7923198,26.68114567
2013,Yucatán,238,2064151,11.53016422
2013,Zacatecas,92,1550179,5.934798497
2012,Estados Unidos Mexicanos,19697,117053751,16.8273121
2012,Aguascalientes,75,1233921,6.078184908
2012,Baja California,1948,3328623,58.52269843
2012,Baja California Sur,159,695409,22.86424248
2012,Campeche,139,866375,16.04386091
2012,Coahuila de Zaragoza,554,2854334,19.40908107
2012,Colima,151,685394,22.0311237
2012,Chiapas,1254,5050568,24.82889053
2012,Chihuahua,753,3598792,20.92368773
2012,Distrito Federal,800,8911665,8.976998125
2012,Durango,229,1709741,13.39384152
2012,Guanajuato,351,5668181,6.192462802
2012,Guerrero,1220,3499507,34.86205343
2012,Hidalgo,281,2768973,10.14816685
2012,Jalisco,1036,7644152,13.55284406
2012,México,871,16106485,5.407759669
2012,Michoacán de Ocampo,316,4494730,7.030455667
2012,Morelos,175,1850812,9.455309345
2012,Nayarit,282,1155448,24.4061178
2012,Nuevo León,1263,4868844,25.94044911
2012,Oaxaca,754,3930833,19.1816849
2012,Puebla,520,6002161,8.663546346
2012,Querétaro,224,1912803,11.71056298
2012,Quintana Roo,299,1440115,20.76223079
2012,San Luis Potosí,378,2675311,14.12919844
2012,Sinaloa,873,2905750,30.04387852
2012,Sonora,846,2809806,30.10884025
2012,Tabasco,545,2309071,23.60256571
2012,Tamaulipas,1116,3419338,32.63789658
2012,Tlaxcala,49,1224637,4.001185657
2012,Veracruz de Ignacio de la Llave,1943,7858604,24.72449305
2012,Yucatán,218,2036694,10.70362067
2012,Zacatecas,75,1536674,4.880670851
2011,Estados Unidos Mexicanos,18986,115682867,16.41211053
2011,Aguascalientes,86,1215094,7.07764173
2011,Baja California,1793,3275399,54.74142234
2011,Baja California Sur,166,672682,24.67733639
2011,Campeche,141,852373,16.54205377
2011,Coahuila de Zaragoza,480,2818077,17.03289158
2011,Colima,162,672263,24.09771176
2011,Chiapas,1081,4980633,21.70406854
2011,Chihuahua,757,3559248,21.26853762
2011,Distrito Federal,805,8928400,9.016173111
2011,Durango,224,1690418,13.25116036
2011,Guanajuato,398,5614698,7.088537977
2011,Guerrero,1226,3473454,35.29627857
2011,Hidalgo,259,2730570,9.485199061
2011,Jalisco,894,7543233,11.85168216
2011,México,743,15845558,4.689011267
2011,Michoacán de Ocampo,357,4458100,8.00789574
2011,Morelos,188,1827187,10.28903993
2011,Nayarit,293,1132215,25.87847714
2011,Nuevo León,1194,4797263,24.88919202
2011,Oaxaca,699,3901419,17.91655805
2011,Puebla,490,5935014,8.25608836
2011,Querétaro,206,1881105,10.95101018
2011,Quintana Roo,251,1395357,17.9882281
2011,San Luis Potosí,376,2647570,14.20170194
2011,Sinaloa,796,2878525,27.65305148
2011,Sonora,822,2767364,29.7033567
2011,Tabasco,559,2283140,24.48382491
2011,Tamaulipas,1153,3376515,34.14763447
2011,Tlaxcala,51,1206291,4.227835572
2011,Veracruz de Ignacio de la Llave,1990,7791801,25.53966663
2011,Yucatán,237,2009160,11.79597444
2011,Zacatecas,109,1522741,7.158144425
2010,Estados Unidos Mexicanos,18848,114255557,16.496353
2010,Aguascalientes,124,1195787,10.36973976
2010,Baja California,1707,3224844,52.93279303
2010,Baja California Sur,144,649616,22.1669417
2010,Campeche,108,836748,12.90711182
2010,Coahuila de Zaragoza,506,2782013,18.18826871
2010,Colima,126,658910,19.12249017
2010,Chiapas,1208,4903755,24.6341834
2010,Chihuahua,719,3525273,20.39558355
2010,Distrito Federal,777,8944599,8.686806418
2010,Durango,189,1669815,11.31861913
2010,Guanajuato,405,5558502,7.286135725
2010,Guerrero,1085,3444264,31.50165028
2010,Hidalgo,281,2690086,10.4457627
2010,Jalisco,955,7442625,12.83149426
2010,México,772,15571679,4.957718432
2010,Michoacán de Ocampo,336,4420271,7.6013439
2010,Morelos,206,1803340,11.42324797
2010,Nayarit,341,1108860,30.75230417
2010,Nuevo León,1126,4723273,23.83940119
2010,Oaxaca,745,3868109,19.26005705
2010,Puebla,457,5863823,7.793550385
2010,Querétaro,187,1848191,10.11800187
2010,Quintana Roo,241,1350945,17.8393643
2010,San Luis Potosí,408,2616459,15.59359424
2010,Sinaloa,812,2851334,28.47789842
2010,Sonora,832,2727032,30.50935963
2010,Tabasco,518,2252641,22.99523093
2010,Tamaulipas,1175,3334664,35.23593382
2010,Tlaxcala,46,1186143,3.878115876
2010,Veracruz de Ignacio de la Llave,2039,7712247,26.43846858
2010,Yucatán,176,1980690,8.885792325
2010,Zacatecas,97,1509019,6.428017142
2009,Estados Unidos Mexicanos,18011,112852594,15.9597572
2009,Aguascalientes,82,1175942,6.973133029
2009,Baja California,1544,3168319,48.73246665
2009,Baja California Sur,158,626900,25.20338172
2009,Campeche,100,824071,12.13487673
2009,Coahuila de Zaragoza,476,2743966,17.34715372
2009,Colima,117,645050,18.13812883
2009,Chiapas,1070,4836326,22.12423232
2009,Chihuahua,691,3485093,19.82730447
2009,Distrito Federal,668,8961594,7.454031057
2009,Durango,208,1650042,12.60573973
2009,Guanajuato,363,5503354,6.595977653
2009,Guerrero,1163,3415204,34.05360265
2009,Hidalgo,270,2649264,10.19150979
2009,Jalisco,986,7331993,13.44791246
2009,México,632,15315644,4.126499676
2009,Michoacán de Ocampo,326,4381615,7.440179021
2009,Morelos,219,1779708,12.30538942
2009,Nayarit,324,1083772,29.89558689
2009,Nuevo León,974,4646180,20.96345815
2009,Oaxaca,816,3838339,21.25919571
2009,Puebla,460,5796436,7.935910963
2009,Querétaro,214,1815459,11.7876526
2009,Quintana Roo,202,1305885,15.46843711
2009,San Luis Potosí,435,2589037,16.80161388
2009,Sinaloa,763,2820908,27.04802851
2009,Sonora,829,2679501,30.9385964
2009,Tabasco,540,2229667,24.21886318
2009,Tamaulipas,1037,3290198,31.51786002
2009,Tlaxcala,46,1168846,3.935505618
2009,Veracruz de Ignacio de la Llave,1996,7646283,26.10418683
2009,Yucatán,188,1953829,9.622131722
2009,Zacatecas,114,1494169,7.629659028
2008,Estados Unidos Mexicanos,18210,111299015,16.36133078
2008,Aguascalientes,96,1154011,8.318811519
2008,Baja California,1568,3105709,50.48766642
2008,Baja California Sur,144,605343,23.78816638
2008,Campeche,88,809636,10.86908191
2008,Coahuila de Zaragoza,480,2703905,17.75210298
2008,Colima,125,630606,19.82220277
2008,Chiapas,1242,4762080,26.08104022
2008,Chihuahua,664,3431517,19.35004256
2008,Distrito Federal,768,8969421,8.562425601
2008,Durango,220,1628321,13.51084952
2008,Guanajuato,338,5437620,6.215954774
2008,Guerrero,1155,3380933,34.16216766
2008,Hidalgo,276,2605175,10.59429789
2008,Jalisco,916,7213583,12.69826659
2008,México,690,15040385,4.587648521
2008,Michoacán de Ocampo,314,4333681,7.245572528
2008,Morelos,232,1753157,13.23327004
2008,Nayarit,317,1058677,29.94303267
2008,Nuevo León,1034,4566871,22.64132269
2008,Oaxaca,760,3804078,19.97855985
2008,Puebla,521,5722490,9.104428317
2008,Querétaro,219,1780583,12.29934241
2008,Quintana Roo,151,1261970,11.96541915
2008,San Luis Potosí,405,2555735,15.84671337
2008,Sinaloa,816,2787098,29.2777649
2008,Sonora,727,2632192,27.61956575
2008,Tabasco,498,2202203,22.61371908
2008,Tamaulipas,1108,3239174,34.20625135
2008,Tlaxcala,50,1149453,4.349895124
2008,Veracruz de Ignacio de la Llave,1945,7571413,25.68873208
2008,Yucatán,223,1925861,11.57923651
2008,Zacatecas,120,1476134,8.129343271
2007,Estados Unidos Mexicanos,17329,109787388,15.78414453
2007,Aguascalientes,82,1133032,7.237218366
2007,Baja California,1364,3041783,44.84212056
2007,Baja California Sur,168,584639,28.73568133
2007,Campeche,134,795450,16.84581055
2007,Coahuila de Zaragoza,492,2664019,18.46833675
2007,Colima,138,617146,22.36099724
2007,Chiapas,1080,4688014,23.03747386
2007,Chihuahua,713,3376544,21.11626563
2007,Distrito Federal,708,8973450,7.889941996
2007,Durango,217,1605415,13.51675423
2007,Guanajuato,311,5377044,5.783847036
2007,Guerrero,1006,3349840,30.03128508
2007,Hidalgo,255,2565231,9.94062523
2007,Jalisco,1019,7101648,14.34878214
2007,México,624,14765300,4.226124765
2007,Michoacán de Ocampo,401,4290259,9.346755056
2007,Morelos,223,1727522,12.90866339
2007,Nayarit,293,1035898,28.28463806
2007,Nuevo León,939,4487206,20.92616207
2007,Oaxaca,753,3773572,19.95456824
2007,Puebla,501,5651042,8.865621597
2007,Querétaro,194,1746996,11.10477643
2007,Quintana Roo,141,1218194,11.57451112
2007,San Luis Potosí,344,2525095,13.62324982
2007,Sinaloa,786,2753754,28.54285459
2007,Sonora,719,2586060,27.80291254
2007,Tabasco,443,2174464,20.37283671
2007,Tamaulipas,1090,3184546,34.22779888
2007,Tlaxcala,33,1130405,2.919307682
2007,Veracruz de Ignacio de la Llave,1869,7505280,24.90246866
2007,Yucatán,185,1898633,9.743852551
2007,Zacatecas,104,1459907,7.123741444
2006,Estados Unidos Mexicanos,16404,108408827,15.13160916
2006,Aguascalientes,110,1114099,9.873449307
2006,Baja California,1442,2977440,48.43086678
2006,Baja California Sur,141,565024,24.95469219
2006,Campeche,114,781620,14.5850925
2006,Coahuila de Zaragoza,462,2625332,17.5977743
2006,Colima,145,605061,23.96452589
2006,Chiapas,776,4616199,16.81036714
2006,Chihuahua,594,3322439,17.87843208
2006,Distrito Federal,714,8977954,7.952814194
2006,Durango,220,1585478,13.87594151
2006,Guanajuato,348,5333508,6.524786313
2006,Guerrero,1055,3325479,31.72475304
2006,Hidalgo,243,2531941,9.597380034
2006,Jalisco,918,7000916,13.11256984
2006,México,517,14497023,3.566249429
2006,Michoacán de Ocampo,358,4258725,8.40627183
2006,Morelos,141,1704544,8.272007059
2006,Nayarit,324,1015912,31.89252612
2006,Nuevo León,987,4408836,22.38686129
2006,Oaxaca,651,3753744,17.34268506
2006,Puebla,487,5590760,8.710801394
2006,Querétaro,205,1716842,11.94052802
2006,Quintana Roo,107,1174644,9.109142855
2006,San Luis Potosí,386,2499894,15.44065468
2006,Sinaloa,712,2721660,26.16050499
2006,Sonora,653,2542078,25.68764609
2006,Tabasco,429,2147091,19.98052248
2006,Tamaulipas,1115,3129386,35.62999259
2006,Tlaxcala,50,1113144,4.491781836
2006,Veracruz de Ignacio de la Llave,1716,7451476,23.02899452
2006,Yucatán,191,1872573,10.19986938
2006,Zacatecas,93,1448005,6.422629756
2005,Estados Unidos Mexicanos,17477,107151011,16.31062538
2005,Aguascalientes,102,1096736,9.30032387
2005,Baja California,1516,2912674,52.04839265
2005,Baja California Sur,125,546776,22.8612814
2005,Campeche,115,768097,14.97206733
2005,Coahuila de Zaragoza,502,2587518,19.40083122
2005,Colima,128,593827,21.55509938
2005,Chiapas,1006,4549034,22.11458521
2005,Chihuahua,492,3270309,15.04444993
2005,Distrito Federal,770,8980415,8.574213998
2005,Durango,215,1566228,13.72724788
2005,Guanajuato,305,5307620,5.746455097
2005,Guerrero,1195,3306347,36.14260693
2005,Hidalgo,246,2504490,9.822359043
2005,Jalisco,778,6903508,11.26963277
2005,México,814,14233514,5.718896964
2005,Michoacán de Ocampo,335,4233917,7.912294927
2005,Morelos,224,1681965,13.31775631
2005,Nayarit,261,997581,26.163289
2005,Nuevo León,983,4330486,22.69953072
2005,Oaxaca,727,3749560,19.38894164
2005,Puebla,491,5545664,8.85376395
2005,Querétaro,210,1692334,12.40889801
2005,Quintana Roo,126,1134284,11.10832913
2005,San Luis Potosí,369,2477675,14.89299444
2005,Sinaloa,739,2689158,27.48072073
2005,Sonora,821,2501653,32.81830054
2005,Tabasco,446,2120331,21.0344517
2005,Tamaulipas,1120,3075303,36.41917561
2005,Tlaxcala,38,1098660,3.458758852
2005,Veracruz de Ignacio de la Llave,2026,7409930,27.34168879
2005,Yucatán,159,1848087,8.603491069
2005,Zacatecas,93,1437330,6.470330404
2004,Estados Unidos Mexicanos,16921,105951569,15.97050441
2004,Aguascalientes,80,1079814,7.408683347
2004,Baja California,1428,2845936,50.17681353
2004,Baja California Sur,112,529124,21.16706103
2004,Campeche,110,754622,14.57683449
2004,Coahuila de Zaragoza,519,2550208,20.35128115
2004,Colima,122,584151,20.8850109
2004,Chiapas,1100,4476586,24.57229684
2004,Chihuahua,435,3218865,13.51408027
2004,Distrito Federal,694,8982860,7.725824515
2004,Durango,217,1551703,13.98463495
2004,Guanajuato,299,5282560,5.66013448
2004,Guerrero,1186,3291452,36.03272963
2004,Hidalgo,288,2480424,11.61091813
2004,Jalisco,710,6823155,10.40574338
2004,México,653,13978080,4.671600105
2004,Michoacán de Ocampo,306,4220890,7.249655878
2004,Morelos,199,1663867,11.96009056
2004,Nayarit,280,982991,28.48449274
2004,Nuevo León,1044,4254706,24.53753561
2004,Oaxaca,812,3738874,21.7177685
2004,Puebla,461,5493482,8.391763184
2004,Querétaro,223,1666361,13.38245434
2004,Quintana Roo,106,1094787,9.682248693
2004,San Luis Potosí,435,2460435,17.67980052
2004,Sinaloa,689,2660125,25.90103849
2004,Sonora,691,2460302,28.08598294
2004,Tabasco,465,2092064,22.22685348
2004,Tamaulipas,1040,3022458,34.40908029
2004,Tlaxcala,69,1082473,6.374292938
2004,Veracruz de Ignacio de la Llave,1886,7372393,25.58192435
2004,Yucatán,174,1823186,9.543732784
2004,Zacatecas,88,1432635,6.14252758
2003,Estados Unidos Mexicanos,17329,104719891,16.54795458
2003,Aguascalientes,87,1062250,8.190162391
2003,Baja California,1330,2775926,47.91194002
2003,Baja California Sur,111,511831,21.68684585
2003,Campeche,138,741113,18.6206422
2003,Coahuila de Zaragoza,487,2512261,19.38492856
2003,Colima,120,575411,20.85465867
2003,Chiapas,1424,4397267,32.38375109
2003,Chihuahua,573,3165454,18.10166883
2003,Distrito Federal,746,8982214,8.305302011
2003,Durango,213,1540255,13.82887898
2003,Guanajuato,279,5247781,5.316532835
2003,Guerrero,1052,3276596,32.106491
2003,Hidalgo,277,2456380,11.27675685
2003,Jalisco,826,6752883,12.23181269
2003,México,614,13723512,4.4740734
2003,Michoacán de Ocampo,328,4212077,7.787132097
2003,Morelos,234,1648428,14.19534247
2003,Nayarit,311,970986,32.02929805
2003,Nuevo León,1326,4180268,31.72045429
2003,Oaxaca,723,3715944,19.45669795
2003,Puebla,385,5428158,7.092645424
2003,Querétaro,205,1636560,12.52627462
2003,Quintana Roo,141,1054642,13.36946566
2003,San Luis Potosí,294,2445009,12.02449562
2003,Sinaloa,675,2633143,25.63476423
2003,Sonora,623,2416527,25.7808003
2003,Tabasco,509,2062700,24.67639502
2003,Tamaulipas,1005,2968581,33.85455879
2003,Tlaxcala,58,1063593,5.453213776
2003,Veracruz de Ignacio de la Llave,1931,7333249,26.332121
2003,Yucatán,210,1797323,11.68404344
2003,Zacatecas,94,1431569,6.566222096
2002,Estados Unidos Mexicanos,17790,103417944,17.20204378
2002,Aguascalientes,68,1043783,6.514764084
2002,Baja California,1353,2702832,50.0586052
2002,Baja California Sur,119,495522,24.01507905
2002,Campeche,124,727546,17.04359587
2002,Coahuila de Zaragoza,462,2472921,18.68235985
2002,Colima,111,566389,19.59783823
2002,Chiapas,1345,4318948,31.14184287
2002,Chihuahua,671,3107892,21.59019683
2002,Distrito Federal,844,8973544,9.405425549
2002,Durango,243,1525797,15.92610288
2002,Guanajuato,221,5208629,4.242959136
2002,Guerrero,1140,3258145,34.98923467
2002,Hidalgo,324,2431444,13.32541486
2002,Jalisco,791,6671656,11.85612687
2002,México,820,13459745,6.092240232
2002,Michoacán de Ocampo,357,4193971,8.512219088
2002,Morelos,206,1629599,12.64114669
2002,Nayarit,332,958314,34.64417717
2002,Nuevo León,1288,4103482,31.38797733
2002,Oaxaca,755,3696385,20.42536154
2002,Puebla,427,5364489,7.959751618
2002,Querétaro,199,1607589,12.37878587
2002,Quintana Roo,154,1015299,15.1679456
2002,San Luis Potosí,346,2425828,14.26317117
2002,Sinaloa,680,2602506,26.12866214
2002,Sonora,555,2373321,23.38495298
2002,Tabasco,458,2033695,22.52058445
2002,Tamaulipas,1075,2911087,36.92778677
2002,Tlaxcala,56,1045455,5.35651941
2002,Veracruz de Ignacio de la Llave,1995,7294006,27.3512251
2002,Yucatán,180,1771733,10.15954436
2002,Zacatecas,91,1426392,6.379732921
2001,Estados Unidos Mexicanos,18879,102122295,18.48665857
2001,Aguascalientes,109,1025563,10.62830855
2001,Baja California,1469,2627368,55.91146729
2001,Baja California Sur,104,480190,21.65809367
2001,Campeche,89,714008,12.46484633
2001,Coahuila de Zaragoza,208,2433242,8.548266058
2001,Colima,154,557968,27.60014911
2001,Chiapas,1510,4239830,35.61463549
2001,Chihuahua,618,3048688,20.27101494
2001,Distrito Federal,858,8961129,9.574686404
2001,Durango,266,1511810,17.59480358
2001,Guanajuato,311,5170538,6.014847971
2001,Guerrero,1181,3240532,36.44463317
2001,Hidalgo,360,2408458,14.94732314
2001,Jalisco,997,6592401,15.12347322
2001,México,811,13195345,6.146106828
2001,Michoacán de Ocampo,373,4176873,8.930125479
2001,Morelos,248,1611070,15.39349625
2001,Nayarit,335,946927,35.37759511
2001,Nuevo León,1318,4026904,32.72985897
2001,Oaxaca,914,3677835,24.85157708
2001,Puebla,486,5301444,9.16731366
2001,Querétaro,269,1579076,17.03527886
2001,Quintana Roo,191,976468,19.56029281
2001,San Luis Potosí,458,2407204,19.02622295
2001,Sinaloa,770,2571178,29.94736265
2001,Sonora,563,2330502,24.1578853
2001,Tabasco,451,2004482,22.49957844
2001,Tamaulipas,1112,2852000,38.99018233
2001,Tlaxcala,56,1027495,5.450148176
2001,Veracruz de Ignacio de la Llave,2029,7257778,27.9562147
2001,Yucatán,187,1746077,10.70972242
2001,Zacatecas,74,1421912,5.204260179
2000,Estados Unidos Mexicanos,18434,100895811,18.27033235
2000,Aguascalientes,112,1008447,11.10618605
2000,Baja California,1044,2549842,40.94371338
2000,Baja California Sur,91,466455,19.50884866
2000,Campeche,98,700708,13.98585431
2000,Coahuila de Zaragoza,447,2393756,18.67358244
2000,Colima,147,550291,26.71313905
2000,Chiapas,1106,4164853,26.5555591
2000,Chihuahua,543,2987927,18.17313475
2000,Distrito Federal,949,8944935,10.60935602
2000,Durango,363,1497613,24.23857165
2000,Guanajuato,314,5143766,6.104476759
2000,Guerrero,1178,3226387,36.51142904
2000,Hidalgo,331,2390284,13.84772688
2000,Jalisco,941,6513479,14.44696452
2000,México,1206,12933002,9.324981161
2000,Michoacán de Ocampo,441,4162262,10.5952004
2000,Morelos,270,1592066,16.95909592
2000,Nayarit,289,936661,30.85427919
2000,Nuevo León,1140,3950061,28.8603138
2000,Oaxaca,889,3671421,24.21405772
2000,Puebla,569,5250025,10.83804363
2000,Querétaro,219,1554518,14.0879681
2000,Quintana Roo,144,938812,15.33853423
2000,San Luis Potosí,389,2390310,16.27403977
2000,Sinaloa,678,2537959,26.71437955
2000,Sonora,521,2289991,22.75118112
2000,Tabasco,507,1975910,25.65906342
2000,Tamaulipas,1113,2790660,39.88303842
2000,Tlaxcala,44,1011736,4.348960598
2000,Veracruz de Ignacio de la Llave,2110,7232656,29.17323871
2000,Yucatán,166,1721303,9.643857008
2000,Zacatecas,75,1417715,5.290202897
1999,Estados Unidos Mexicanos,19802,99706067,19.8603762
1999,Aguascalientes,149,991858,15.02231166
1999,Baja California,1056,2469220,42.76654166
1999,Baja California Sur,74,453340,16.32328936
1999,Campeche,102,687422,14.83804708
1999,Coahuila de Zaragoza,503,2354430,21.36398194
1999,Colima,143,544150,26.27951852
1999,Chiapas,1690,4083410,41.38697804
1999,Chihuahua,665,2926998,22.71952355
1999,Distrito Federal,982,8928176,10.99888712
1999,Durango,321,1488305,21.56815975
1999,Guanajuato,319,5114053,6.237714001
1999,Guerrero,1023,3215867,31.81101706
1999,Hidalgo,435,2374982,18.31592829
1999,Jalisco,1144,6452167,17.73047722
1999,México,1115,12678984,8.79408003
1999,Michoacán de Ocampo,507,4158671,12.1913948
1999,Morelos,309,1577729,19.58511253
1999,Nayarit,299,930087,32.14753028
1999,Nuevo León,1096,3876894,28.2700533
1999,Oaxaca,1075,3654932,29.41231191
1999,Puebla,700,5188507,13.49135695
1999,Querétaro,195,1527014,12.77002045
1999,Quintana Roo,152,900778,16.87430199
1999,San Luis Potosí,471,2378237,19.80458634
1999,Sinaloa,786,2508118,31.33823847
1999,Sonora,499,2247827,22.19921729
1999,Tabasco,489,1946169,25.12628657
1999,Tamaulipas,1003,2729528,36.74627994
1999,Tlaxcala,50,993724,5.031578185
1999,Veracruz de Ignacio de la Llave,2172,7209103,30.12857494
1999,Yucatán,176,1695601,10.37980044
1999,Zacatecas,102,1419786,7.184181278
1998,Estados Unidos Mexicanos,21514,98485424,21.84485696
1998,Aguascalientes,139,974940,14.25728763
1998,Baja California,1143,2387650,47.87133793
1998,Baja California Sur,93,439911,21.14063981
1998,Campeche,157,673672,23.30510991
1998,Coahuila de Zaragoza,621,2315412,26.8202808
1998,Colima,182,538560,33.79382056
1998,Chiapas,2037,3994325,50.99735249
1998,Chihuahua,597,2868346,20.81338862
1998,Distrito Federal,1178,8912913,13.21677885
1998,Durango,377,1482259,25.43415152
1998,Guanajuato,364,5074849,7.172627205
1998,Guerrero,1032,3204303,32.20669206
1998,Hidalgo,373,2359558,15.80804541
1998,Jalisco,1040,6401411,16.24641817
1998,México,1211,12424077,9.747202951
1998,Michoacán de Ocampo,514,4160121,12.35540985
1998,Morelos,245,1566306,15.64189884
1998,Nayarit,331,925239,35.77454042
1998,Nuevo León,1434,3806709,37.67033414
1998,Oaxaca,1153,3623477,31.82026545
1998,Puebla,788,5113198,15.41109889
1998,Querétaro,184,1495409,12.30432611
1998,Quintana Roo,191,862418,22.14703311
1998,San Luis Potosí,513,2367678,21.6667976
1998,Sinaloa,810,2481249,32.64484943
1998,Sonora,448,2203557,20.33076521
1998,Tabasco,573,1914591,29.92806296
1998,Tamaulipas,1094,2671744,40.94703684
1998,Tlaxcala,61,973084,6.268729113
1998,Veracruz de Ignacio de la Llave,2324,7173835,32.39550394
1998,Yucatán,224,1668680,13.42378407
1998,Zacatecas,83,1425943,5.820709523
1997,Estados Unidos Mexicanos,23575,97204604,24.25296645
1997,Aguascalientes,143,957443,14.93561497
1997,Baja California,1312,2306424,56.88459711
1997,Baja California Sur,124,426653,29.06343094
1997,Campeche,135,659417,20.47262961
1997,Coahuila de Zaragoza,677,2276268,29.74166487
1997,Colima,197,531965,37.03251154
1997,Chiapas,1355,3907302,34.67866062
1997,Chihuahua,737,2810765,26.22061965
1997,Distrito Federal,1331,8895216,14.96309927
1997,Durango,448,1472961,30.41492612
1997,Guanajuato,486,5034272,9.653828796
1997,Guerrero,1527,3188433,47.89186412
1997,Hidalgo,514,2343436,21.93360518
1997,Jalisco,1044,6338294,16.47130916
1997,México,1591,12154856,13.08941875
1997,Michoacán de Ocampo,561,4152556,13.50975158
1997,Morelos,375,1550963,24.1785265
1997,Nayarit,359,918289,39.0944463
1997,Nuevo León,1368,3735127,36.62526067
1997,Oaxaca,1152,3596113,32.03458846
1997,Puebla,991,5042096,19.65452463
1997,Querétaro,131,1465233,8.940557577
1997,Quintana Roo,233,825084,28.23954894
1997,San Luis Potosí,448,2352995,19.03956447
1997,Sinaloa,935,2451312,38.14283943
1997,Sonora,406,2160460,18.79229423
1997,Tabasco,660,1882554,35.05875529
1997,Tamaulipas,965,2615528,36.89503611
1997,Tlaxcala,133,953724,13.94533429
1997,Veracruz de Ignacio de la Llave,2780,7128785,38.99682765
1997,Yucatán,236,1642042,14.37234858
1997,Zacatecas,221,1428038,15.47577866
1996,Estados Unidos Mexicanos,20722,95876664,21.61318421
1996,Aguascalientes,79,939507,8.408665396
1996,Baja California,1244,2224286,55.92805961
1996,Baja California Sur,99,413575,23.93761712
1996,Campeche,162,644818,25.12336814
1996,Coahuila de Zaragoza,464,2237025,20.74183346
1996,Colima,164,524947,31.24124912
1996,Chiapas,1600,3819739,41.88767871
1996,Chihuahua,519,2753282,18.85023038
1996,Distrito Federal,1199,8875396,13.50925638
1996,Durango,391,1462829,26.72902985
1996,Guanajuato,385,4990233,7.715070619
1996,Guerrero,1035,3170156,32.64823561
1996,Hidalgo,442,2326530,18.99825061
1996,Jalisco,1032,6270725,16.45742717
1996,México,1065,11876981,8.966925181
1996,Michoacán de Ocampo,490,4140754,11.83359359
1996,Morelos,326,1533870,21.25343086
1996,Nayarit,420,910767,46.11497782
1996,Nuevo León,1505,3663689,41.07881428
1996,Oaxaca,920,3566944,25.79238698
1996,Puebla,719,4969986,14.46684156
1996,Querétaro,83,1434671,5.785298511
1996,Quintana Roo,180,788218,22.83632193
1996,San Luis Potosí,387,2336411,16.56386655
1996,Sinaloa,777,2420265,32.1039225
1996,Sonora,506,2117226,23.8991964
1996,Tabasco,616,1849738,33.30201358
1996,Tamaulipas,737,2560332,28.7853294
1996,Tlaxcala,65,934238,6.957541868
1996,Veracruz de Ignacio de la Llave,2502,7075631,35.36080386
1996,Yucatán,229,1614983,14.17971582
1996,Zacatecas,380,1428912,26.59366007
1995,Estados Unidos Mexicanos,20882,94490336,22.0996145
1995,Aguascalientes,80,921048,8.685757963
1995,Baja California,1213,2141231,56.6496562
1995,Baja California Sur,105,400667,26.20630099
1995,Campeche,249,629897,39.53027241
1995,Coahuila de Zaragoza,480,2197744,21.84057834
1995,Colima,97,517359,18.74906979
1995,Chiapas,1628,3732019,43.62250031
1995,Chihuahua,755,2695309,28.01163058
1995,Distrito Federal,1038,8853087,11.72472382
1995,Durango,239,1451581,16.4648063
1995,Guanajuato,395,4941687,7.993221748
1995,Guerrero,1611,3148736,51.16338747
1995,Hidalgo,387,2308109,16.76697244
1995,Jalisco,918,6197229,14.8130721
1995,México,1359,11591879,11.72372486
1995,Michoacán de Ocampo,582,4123078,14.11566795
1995,Morelos,272,1514605,17.95847762
1995,Nayarit,343,902312,38.01345876
1995,Nuevo León,981,3591906,27.31140514
1995,Oaxaca,1188,3535280,33.60412754
1995,Puebla,548,4895089,11.19489349
1995,Querétaro,138,1403630,9.831650791
1995,Quintana Roo,113,751792,15.03075319
1995,San Luis Potosí,444,2317524,19.15837765
1995,Sinaloa,759,2387913,31.7850776
1995,Sonora,597,2073741,28.7885517
1995,Tabasco,590,1816022,32.4885932
1995,Tamaulipas,853,2505876,34.0399924
1995,Tlaxcala,59,914661,6.450477281
1995,Veracruz de Ignacio de la Llave,2596,7013920,37.01211306
1995,Yucatán,148,1587453,9.323110668
1995,Zacatecas,117,1427952,8.193552724
1994,Estados Unidos Mexicanos,16353,93055300,17.5734214
1994,Aguascalientes,89,902128,9.865562315
1994,Baja California,811,2058198,39.40340045
1994,Baja California Sur,123,387994,31.70152116
1994,Campeche,131,614694,21.31141674
1994,Coahuila de Zaragoza,336,2158403,15.56706509
1994,Colima,94,509258,18.45822746
1994,Chiapas,920,3644811,25.24136368
1994,Chihuahua,710,2636937,26.92517872
1994,Distrito Federal,361,8828375,4.089087743
1994,Durango,132,1439646,9.168920693
1994,Guanajuato,278,4889078,5.686143686
1994,Guerrero,889,3124968,28.44829131
1994,Hidalgo,243,2288570,10.61798416
1994,Jalisco,952,6118571,15.55918858
1994,México,1348,11300207,11.92898502
1994,Michoacán de Ocampo,403,4100535,9.82798586
1994,Morelos,192,1493515,12.85557895
1994,Nayarit,383,893093,42.88467159
1994,Nuevo León,1149,3519985,32.64218455
1994,Oaxaca,907,3501881,25.90036612
1994,Puebla,396,4815366,8.223673964
1994,Querétaro,91,1372231,6.631536527
1994,Quintana Roo,99,715788,13.83091083
1994,San Luis Potosí,293,2296679,12.75755123
1994,Sinaloa,873,2354573,37.07678632
1994,Sonora,268,2030370,13.19956461
1994,Tabasco,410,1781609,23.01290575
1994,Tamaulipas,921,2452645,37.55129666
1994,Tlaxcala,49,895027,5.474695177
1994,Veracruz de Ignacio de la Llave,2266,6945101,32.62731528
1994,Yucatán,130,1559473,8.336149456
1994,Zacatecas,106,1425591,7.43551271
1993,Estados Unidos Mexicanos,15145,91600655,16.53372457
1993,Aguascalientes,74,882995,8.380568406
1993,Baja California,864,1976271,43.71870052
1993,Baja California Sur,138,375535,36.74757346
1993,Campeche,112,599335,18.68737851
1993,Coahuila de Zaragoza,394,2119320,18.59086877
1993,Colima,68,500880,13.57610605
1993,Chiapas,902,3559521,25.34048823
1993,Chihuahua,801,2578946,31.05920015
1993,Distrito Federal,801,8801777,9.10043506
1993,Durango,129,1427650,9.035828109
1993,Guanajuato,360,4833834,7.447504403
1993,Guerrero,551,3100542,17.77108647
1993,Hidalgo,653,2268750,28.78236915
1993,Jalisco,749,6036556,12.40773713
1993,México,997,11004587,9.059858403
1993,Michoacán de Ocampo,388,4075275,9.520829883
1993,Morelos,164,1471328,11.14639292
1993,Nayarit,340,883537,38.48169347
1993,Nuevo León,937,3448999,27.16730274
1993,Oaxaca,644,3468037,18.56958274
1993,Puebla,316,4734278,6.674724213
1993,Querétaro,112,1340778,8.35335902
1993,Quintana Roo,87,680236,12.78967888
1993,San Luis Potosí,279,2274743,12.26512182
1993,Sinaloa,696,2320874,29.98870253
1993,Sonora,276,1987353,13.88781963
1993,Tabasco,283,1746827,16.20080294
1993,Tamaulipas,897,2401107,37.35776873
1993,Tlaxcala,44,875468,5.025883299
1993,Veracruz de Ignacio de la Llave,1867,6871335,27.17084817
1993,Yucatán,111,1531251,7.248974858
1993,Zacatecas,111,1422730,7.801901977
1992,Estados Unidos Mexicanos,14466,90132585,16.04968947
1992,Aguascalientes,163,863697,18.87235917
1992,Baja California,1034,1895648,54.54599166
1992,Baja California Sur,150,363307,41.28739606
1992,Campeche,90,583930,15.41280633
1992,Coahuila de Zaragoza,434,2080707,20.8582948
1992,Colima,138,492181,28.03846552
1992,Chiapas,866,3476913,24.90715183
1992,Chihuahua,482,2521954,19.11216462
1992,Distrito Federal,775,8772275,8.834652356
1992,Durango,88,1415393,6.217354473
1992,Guanajuato,229,4777030,4.793773537
1992,Guerrero,465,3075833,15.11785588
1992,Hidalgo,202,2248684,8.983031853
1992,Jalisco,798,5951246,13.40895671
1992,México,1068,10706626,9.975131288
1992,Michoacán de Ocampo,377,4047191,9.315102747
1992,Morelos,185,1448069,12.77563431
1992,Nayarit,384,873510,43.96057286
1992,Nuevo León,850,3378692,25.15766456
1992,Oaxaca,625,3433323,18.20393828
1992,Puebla,364,4654771,7.819933569
1992,Querétaro,149,1309252,11.38054401
1992,Quintana Roo,68,645180,10.53969435
1992,San Luis Potosí,283,2251877,12.56729386
1992,Sinaloa,669,2286742,29.25559595
1992,Sonora,385,1944455,19.79989251
1992,Tabasco,301,1711673,17.58513454
1992,Tamaulipas,941,2350664,40.03124224
1992,Tlaxcala,46,856069,5.37339864
1992,Veracruz de Ignacio de la Llave,1627,6793533,23.94924703
1992,Yucatán,144,1502887,9.581558693
1992,Zacatecas,86,1419273,6.059440291
1991,Estados Unidos Mexicanos,15109,88630941,17.0470942
1991,Aguascalientes,112,844162,13.26759556
1991,Baja California,811,1815903,44.66097583
1991,Baja California Sur,115,351246,32.74058637
1991,Campeche,106,568384,18.64936381
1991,Coahuila de Zaragoza,403,2042564,19.73010393
1991,Colima,125,483048,25.87734552
1991,Chiapas,956,3395180,28.15756455
1991,Chihuahua,219,2465322,8.883220934
1991,Distrito Federal,882,8738833,10.09288082
1991,Durango,157,1402493,11.19435177
1991,Guanajuato,259,4718814,5.48866728
1991,Guerrero,455,3049039,14.92273467
1991,Hidalgo,165,2227905,7.406060851
1991,Jalisco,713,5861907,12.16327724
1991,México,1134,10403594,10.90007934
1991,Michoacán de Ocampo,426,4015276,10.60948239
1991,Morelos,164,1423487,11.52100441
1991,Nayarit,186,862823,21.5571444
1991,Nuevo León,1222,3308191,36.93861691
1991,Oaxaca,808,3396857,23.78669458
1991,Puebla,476,4575107,10.40412825
1991,Querétaro,157,1277558,12.28907024
1991,Quintana Roo,123,610571,20.14507731
1991,San Luis Potosí,300,2227649,13.46711264
1991,Sinaloa,558,2251748,24.78074811
1991,Sonora,370,1901710,19.45617365
1991,Tabasco,312,1675650,18.61964014
1991,Tamaulipas,1224,2300861,53.19747694
1991,Tlaxcala,136,836761,16.25314755
1991,Veracruz de Ignacio de la Llave,1748,6709491,26.05264691
1991,Yucatán,176,1474038,11.93999069
1991,Zacatecas,111,1414769,7.845803803
1990,Estados Unidos Mexicanos,14437,87064847,16.58189326
1990,Aguascalientes,99,824227,12.01125418
1990,Baja California,854,1732550,49.29150674
1990,Baja California Sur,111,339387,32.70602586
1990,Campeche,122,553106,22.05725485
1990,Coahuila de Zaragoza,456,2005016,22.74296065
1990,Colima,174,473115,36.77752766
1990,Chiapas,952,3314875,28.71903164
1990,Chihuahua,433,2408000,17.98172757
1990,Distrito Federal,575,8695562,6.612568572
1990,Durango,114,1389199,8.206167727
1990,Guanajuato,276,4657092,5.926445086
1990,Guerrero,834,3021955,27.59802843
1990,Hidalgo,255,2207154,11.55333973
1990,Jalisco,329,5765386,5.70646961
1990,México,660,10083763,6.545175645
1990,Michoacán de Ocampo,360,3978777,9.04800646
1990,Morelos,91,1397700,6.510696144
1990,Nayarit,359,851666,42.15267487
1990,Nuevo León,1160,3236128,35.84530649
1990,Oaxaca,935,3361672,27.8135404
1990,Puebla,609,4494848,13.54884526
1990,Querétaro,223,1245271,17.90774859
1990,Quintana Roo,143,574852,24.87596808
1990,San Luis Potosí,304,2202098,13.80501685
1990,Sinaloa,317,2215227,14.31004588
1990,Sonora,425,1858664,22.86588646
1990,Tabasco,335,1637553,20.45735314
1990,Tamaulipas,961,2252956,42.65507183
1990,Tlaxcala,64,817427,7.82944532
1990,Veracruz de Ignacio de la Llave,1591,6615976,24.04785023
1990,Yucatán,179,1444723,12.38991834
1990,Zacatecas,137,1408922,9.72374624
