Periodo,Entidad de Ocurrencia,Defunciones por Accidente de Trafico de Vehiculo de Motor,Poblacion Total,Tasa de Mortalidad por Accidente de Trafico de Vehiculo de Motor
1990,Aguascalientes,118,824227,14.31644438
1990,Baja California,321,1732550,18.52760382
1990,Baja California Sur,94,339387,27.69699488
1990,Campeche,98,553106,17.71812275
1990,Coahuila de Zaragoza,286,2005016,14.26422532
1990,Colima,123,473115,25.99790749
1990,Chiapas,152,3314875,4.585391606
1990,Chihuahua,439,2408000,18.23089701
1990,Distrito Federal,1549,8695562,17.81368473
1990,Durango,170,1389199,12.23726766
1990,Guanajuato,1120,4657092,24.04934238
1990,Guerrero,373,3021955,12.34300312
1990,Hidalgo,362,2207154,16.4012117
1990,Jalisco,1299,5765386,22.53101527
1990,México,1264,10083763,12.53500305
1990,Michoacán de Ocampo,592,3978777,14.87894396
1990,Morelos,146,1397700,10.44573227
1990,Nayarit,159,851666,18.66929054
1990,Nuevo León,187,3236128,5.778510615
1990,Oaxaca,425,3361672,12.64251837
1990,Puebla,450,4494848,10.01146201
1990,Querétaro de Arteaga,169,1245271,13.57134311
1990,Quintana Roo,124,574852,21.57076952
1990,San Luis Potosí,385,2202098,17.48332726
1990,Sinaloa,443,2215227,19.99795055
1990,Sonora,622,1858664,33.46489737
1990,Tabasco,314,1637553,19.17495189
1990,Tamaulipas,470,2252956,20.86148154
1990,Tlaxcala,176,817427,21.53097463
1990,Veracruz Llave,898,6615976,13.57320522
1990,Yucatán,245,1444723,16.95826812
1990,Zacatecas,317,1408922,22.49947123
1990,Nacional,13890,87064847,15.95362592
1991,Aguascalientes,180,844162,21.32292143
1991,Baja California,351,1815903,19.32922629
1991,Baja California Sur,79,351246,22.49135933
1991,Campeche,125,568384,21.9921743
1991,Coahuila de Zaragoza,301,2042564,14.73638035
1991,Colima,136,483048,28.15455193
1991,Chiapas,160,3395180,4.712563104
1991,Chihuahua,345,2465322,13.99411517
1991,Distrito Federal,1675,8738833,19.16731902
1991,Durango,213,1402493,15.18724158
1991,Guanajuato,992,4718814,21.02223143
1991,Guerrero,478,3049039,15.67707071
1991,Hidalgo,283,2227905,12.70251649
1991,Jalisco,1331,5861907,22.70592147
1991,México,966,10403594,9.285252769
1991,Michoacán de Ocampo,684,4015276,17.03494355
1991,Morelos,158,1423487,11.09950425
1991,Nayarit,175,862823,20.28225951
1991,Nuevo León,175,3308191,5.28990013
1991,Oaxaca,453,3396857,13.33585724
1991,Puebla,411,4575107,8.983396454
1991,Querétaro de Arteaga,329,1277558,25.75225547
1991,Quintana Roo,144,610571,23.58448076
1991,San Luis Potosí,423,2227649,18.98862882
1991,Sinaloa,464,2251748,20.60621348
1991,Sonora,583,1901710,30.65661957
1991,Tabasco,319,1675650,19.03738848
1991,Tamaulipas,485,2300861,21.07906562
1991,Tlaxcala,157,836761,18.76282475
1991,Veracruz Llave,919,6709491,13.69701517
1991,Yucatán,214,1474038,14.51794323
1991,Zacatecas,362,1414769,25.587216
1991,Nacional,14070,88630941,15.87481735
1992,Aguascalientes,131,863697,15.16735614
1992,Baja California,290,1895648,15.29819882
1992,Baja California Sur,111,363307,30.55267308
1992,Campeche,110,583930,18.8378744
1992,Coahuila de Zaragoza,313,2080707,15.04296376
1992,Colima,146,492181,29.66388382
1992,Chiapas,190,3476913,5.464617608
1992,Chihuahua,267,2521954,10.58702895
1992,Distrito Federal,1720,8772275,19.60722846
1992,Durango,235,1415393,16.60316251
1992,Guanajuato,873,4777030,18.27495327
1992,Guerrero,611,3075833,19.86453751
1992,Hidalgo,273,2248684,12.14043414
1992,Jalisco,1306,5951246,21.94498429
1992,México,947,10706626,8.844990009
1992,Michoacán de Ocampo,722,4047191,17.83953364
1992,Morelos,188,1448069,12.98280676
1992,Nayarit,155,873510,17.74450207
1992,Nuevo León,139,3378692,4.114018087
1992,Oaxaca,507,3433323,14.76703474
1992,Puebla,483,4654771,10.37645031
1992,Querétaro de Arteaga,324,1309252,24.74695475
1992,Quintana Roo,129,645180,19.99442016
1992,San Luis Potosí,410,2251877,18.20703351
1992,Sinaloa,373,2286742,16.31141598
1992,Sonora,384,1944455,19.74846422
1992,Tabasco,349,1711673,20.38940849
1992,Tamaulipas,579,2350664,24.63133821
1992,Tlaxcala,137,856069,16.0033829
1992,Veracruz Llave,851,6793533,12.52661907
1992,Yucatán,190,1502887,12.64233439
1992,Zacatecas,364,1419273,25.64693332
1992,Nacional,13807,90132585,15.31854434
1993,Aguascalientes,127,882995,14.3828674
1993,Baja California,406,1976271,20.54374122
1993,Baja California Sur,99,375535,26.36238966
1993,Campeche,116,599335,19.35478489
1993,Coahuila de Zaragoza,350,2119320,16.51473114
1993,Colima,86,500880,17.16978119
1993,Chiapas,259,3559521,7.276259924
1993,Chihuahua,428,2578946,16.59592717
1993,Distrito Federal,1653,8801777,18.78029857
1993,Durango,229,1427650,16.04034602
1993,Guanajuato,967,4833834,20.00482433
1993,Guerrero,405,3100542,13.06223235
1993,Hidalgo,288,2268750,12.69421488
1993,Jalisco,1349,6036556,22.34717942
1993,México,1091,11004587,9.91404766
1993,Michoacán de Ocampo,622,4075275,15.26277368
1993,Morelos,206,1471328,14.00095696
1993,Nayarit,174,883537,19.69357254
1993,Nuevo León,339,3448999,9.828938773
1993,Oaxaca,457,3468037,13.1774834
1993,Puebla,358,4734278,7.561871103
1993,Querétaro de Arteaga,294,1340778,21.92756743
1993,Quintana Roo,145,680236,21.31613146
1993,San Luis Potosí,395,2274743,17.36459899
1993,Sinaloa,505,2320874,21.75904422
1993,Sonora,474,1987353,23.85082066
1993,Tabasco,285,1746827,16.31529625
1993,Tamaulipas,716,2401107,29.81957905
1993,Tlaxcala,140,875468,15.99144686
1993,Veracruz Llave,686,6871335,9.983503933
1993,Yucatán,274,1531251,17.89386587
1993,Zacatecas,286,1422730,20.10219789
1993,Nacional,14209,91600655,15.51189781
1994,Aguascalientes,153,902128,16.95989926
1994,Baja California,379,2058198,18.41416618
1994,Baja California Sur,111,387994,28.60868983
1994,Campeche,88,614694,14.31606621
1994,Coahuila de Zaragoza,306,2158403,14.17714857
1994,Colima,89,509258,17.47640685
1994,Chiapas,259,3644811,7.105992602
1994,Chihuahua,453,2636937,17.17902248
1994,Distrito Federal,1475,8828375,16.70749147
1994,Durango,244,1439646,16.94861098
1994,Guanajuato,884,4889078,18.08111877
1994,Guerrero,513,3124968,16.4161681
1994,Hidalgo,298,2288570,13.0212316
1994,Jalisco,1350,6118571,22.0639754
1994,México,1273,11300207,11.26528036
1994,Michoacán de Ocampo,773,4100535,18.85119869
1994,Morelos,193,1493515,12.92253509
1994,Nayarit,193,893093,21.61029143
1994,Nuevo León,422,3519985,11.98868745
1994,Oaxaca,503,3501881,14.3637091
1994,Puebla,396,4815366,8.223673964
1994,Querétaro de Arteaga,272,1372231,19.82173555
1994,Quintana Roo,117,715788,16.34562189
1994,San Luis Potosí,357,2296679,15.54418358
1994,Sinaloa,517,2354573,21.95727208
1994,Sonora,475,2030370,23.39475071
1994,Tabasco,311,1781609,17.45613095
1994,Tamaulipas,655,2452645,26.70586245
1994,Tlaxcala,127,895027,14.18951607
1994,Veracruz Llave,626,6945101,9.013547823
1994,Yucatán,195,1559473,12.50422418
1994,Zacatecas,242,1425591,16.97541581
1994,Nacional,14249,93055300,15.31240026
1995,Aguascalientes,155,921048,16.82865605
1995,Baja California,406,2141231,18.96105558
1995,Baja California Sur,86,400667,21.46420843
1995,Campeche,67,629897,10.63665964
1995,Coahuila de Zaragoza,283,2197744,12.87684098
1995,Colima,98,517359,18.94235917
1995,Chiapas,314,3732019,8.413676351
1995,Chihuahua,542,2695309,20.10901162
1995,Distrito Federal,1531,8853087,17.29340285
1995,Durango,187,1451581,12.88250535
1995,Guanajuato,747,4941687,15.11629531
1995,Guerrero,387,3148736,12.29064615
1995,Hidalgo,193,2308109,8.361823467
1995,Jalisco,1297,6197229,20.92870862
1995,México,1166,11591879,10.05876614
1995,Michoacán de Ocampo,740,4123078,17.94775651
1995,Morelos,154,1514605,10.16766748
1995,Nayarit,174,902312,19.28379541
1995,Nuevo León,265,3591906,7.377698637
1995,Oaxaca,515,3535280,14.56744586
1995,Puebla,347,4895089,7.088737304
1995,Querétaro de Arteaga,287,1403630,20.44698389
1995,Quintana Roo,116,751792,15.42979973
1995,San Luis Potosí,343,2317524,14.80027823
1995,Sinaloa,574,2387913,24.03772667
1995,Sonora,449,2073741,21.65169132
1995,Tabasco,301,1816022,16.57468907
1995,Tamaulipas,463,2505876,18.47657266
1995,Tlaxcala,144,914661,15.74353777
1995,Veracruz Llave,539,7013920,7.684718389
1995,Yucatán,208,1587453,13.10275013
1995,Zacatecas,272,1427952,19.04825933
1995,Nacional,13350,94490336,14.12842896
1996,Aguascalientes,143,939507,15.22074875
1996,Baja California,369,2224286,16.58959324
1996,Baja California Sur,133,413575,32.15861694
1996,Campeche,119,644818,18.45481981
1996,Coahuila de Zaragoza,266,2237025,11.89079246
1996,Colima,86,524947,16.38260624
1996,Chiapas,277,3819739,7.251804377
1996,Chihuahua,584,2753282,21.21104921
1996,Distrito Federal,1524,8875396,17.17106482
1996,Durango,210,1462829,14.35574493
1996,Guanajuato,847,4990233,16.97315536
1996,Guerrero,379,3170156,11.95524763
1996,Hidalgo,237,2326530,10.18684479
1996,Jalisco,1241,6270725,19.79037512
1996,México,1330,11876981,11.19813192
1996,Michoacán de Ocampo,784,4140754,18.93374975
1996,Morelos,289,1533870,18.84123166
1996,Nayarit,202,910767,22.17910838
1996,Nuevo León,341,3663689,9.307558584
1996,Oaxaca,428,3566944,11.99906699
1996,Puebla,551,4969986,11.08655034
1996,Querétaro de Arteaga,256,1434671,17.84381227
1996,Quintana Roo,104,788218,13.19431934
1996,San Luis Potosí,334,2336411,14.29543004
1996,Sinaloa,553,2420265,22.84873764
1996,Sonora,559,2117226,26.40247191
1996,Tabasco,339,1849738,18.32691981
1996,Tamaulipas,494,2560332,19.29437276
1996,Tlaxcala,123,934238,13.16581
1996,Veracruz Llave,476,7075631,6.727315203
1996,Yucatán,201,1614983,12.44595144
1996,Zacatecas,309,1428912,21.62484464
1996,Nacional,14088,95876664,14.69387796
1997,Aguascalientes,163,957443,17.02451216
1997,Baja California,284,2306424,12.31343413
1997,Baja California Sur,117,426653,27.42275339
1997,Campeche,131,659417,19.86603318
1997,Coahuila de Zaragoza,326,2276268,14.32168796
1997,Colima,99,531965,18.61024691
1997,Chiapas,306,3907302,7.831490886
1997,Chihuahua,642,2810765,22.84075688
1997,Distrito Federal,1423,8895216,15.99736308
1997,Durango,202,1472961,13.71387294
1997,Guanajuato,894,5034272,17.75827766
1997,Guerrero,436,3188433,13.67442879
1997,Hidalgo,285,2343436,12.16162933
1997,Jalisco,1308,6338294,20.63646779
1997,México,1590,12154856,13.08119158
1997,Michoacán de Ocampo,629,4152556,15.14729723
1997,Morelos,218,1550963,14.05578341
1997,Nayarit,168,918289,18.29489409
1997,Nuevo León,327,3735127,8.754722396
1997,Oaxaca,553,3596113,15.37771477
1997,Puebla,458,5042096,9.083523995
1997,Querétaro de Arteaga,235,1465233,16.03840481
1997,Quintana Roo,105,825084,12.72597699
1997,San Luis Potosí,340,2352995,14.44966946
1997,Sinaloa,524,2451312,21.37630787
1997,Sonora,570,2160460,26.38327023
1997,Tabasco,340,1882554,18.06057091
1997,Tamaulipas,544,2615528,20.79885973
1997,Tlaxcala,157,953724,16.46178559
1997,Veracruz Llave,634,7128785,8.893521126
1997,Yucatán,209,1642042,12.72805446
1997,Zacatecas,313,1428038,21.91818425
1997,Nacional,14530,97204604,14.94785165
1998,Aguascalientes,78,974940,8.000492338
1998,Baja California,293,2387650,12.27148033
1998,Baja California Sur,119,439911,27.05092621
1998,Campeche,111,673672,16.47686114
1998,Coahuila de Zaragoza,317,2315412,13.69086798
1998,Colima,74,538560,13.74034462
1998,Chiapas,355,3994325,8.887609296
1998,Chihuahua,376,2868346,13.10859987
1998,Distrito Federal,1251,8912913,14.03581523
1998,Durango,174,1482259,11.73883916
1998,Guanajuato,876,5074849,17.26159734
1998,Guerrero,362,3204303,11.29730865
1998,Hidalgo,298,2359558,12.629484
1998,Jalisco,1307,6401411,20.41737361
1998,México,1518,12424077,12.21821146
1998,Michoacán de Ocampo,579,4160121,13.91786441
1998,Morelos,223,1566306,14.23732017
1998,Nayarit,188,925239,20.31907431
1998,Nuevo León,310,3806709,8.143517143
1998,Oaxaca,522,3623477,14.40605253
1998,Puebla,707,5113198,13.82696309
1998,Querétaro de Arteaga,279,1495409,18.65710317
1998,Quintana Roo,124,862418,14.37817856
1998,San Luis Potosí,285,2367678,12.03710978
1998,Sinaloa,506,2481249,20.39295532
1998,Sonora,481,2203557,21.8283439
1998,Tabasco,274,1914591,14.31115053
1998,Tamaulipas,611,2671744,22.8689575
1998,Tlaxcala,100,973084,10.2766051
1998,Veracruz Llave,474,7173835,6.607344607
1998,Yucatán,187,1668680,11.20646259
1998,Zacatecas,254,1425943,17.81277372
1998,Nacional,13613,98485424,13.82235
1999,Aguascalientes,84,991858,8.468954225
1999,Baja California,271,2469220,10.97512575
1999,Baja California Sur,111,453340,24.48493405
1999,Campeche,106,687422,15.41993128
1999,Coahuila de Zaragoza,348,2354430,14.78064755
1999,Colima,83,544150,15.25314711
1999,Chiapas,338,4083410,8.277395608
1999,Chihuahua,497,2926998,16.97985444
1999,Distrito Federal,1300,8928176,14.56064486
1999,Durango,183,1488305,12.29586677
1999,Guanajuato,926,5114053,18.10696917
1999,Guerrero,410,3215867,12.74928347
1999,Hidalgo,286,2374982,12.04219653
1999,Jalisco,1302,6452167,20.1792669
1999,México,1476,12678984,11.64131132
1999,Michoacán de Ocampo,634,4158671,15.24525503
1999,Morelos,252,1577729,15.97232478
1999,Nayarit,155,930087,16.66510767
1999,Nuevo León,131,3876894,3.378993596
1999,Oaxaca,474,3654932,12.96877753
1999,Puebla,768,5188507,14.80194592
1999,Querétaro de Arteaga,255,1527014,16.69925751
1999,Quintana Roo,161,900778,17.87343829
1999,San Luis Potosí,292,2378237,12.27800257
1999,Sinaloa,470,2508118,18.73915023
1999,Sonora,518,2247827,23.04447807
1999,Tabasco,275,1946169,14.13032476
1999,Tamaulipas,539,2729528,19.74700388
1999,Tlaxcala,154,993724,15.49726081
1999,Veracruz Llave,481,7209103,6.672119957
1999,Yucatán,163,1695601,9.613110632
1999,Zacatecas,321,1419786,22.60904108
1999,Nacional,13764,99706067,13.8045762
2000,Aguascalientes,142,1008447,14.08105731
2000,Baja California,236,2549842,9.255475437
2000,Baja California Sur,112,466455,24.01089065
2000,Campeche,87,700708,12.41601352
2000,Coahuila de Zaragoza,396,2393756,16.54303947
2000,Colima,78,550291,14.17431868
2000,Chiapas,170,4164853,4.081776716
2000,Chihuahua,510,2987927,17.0686901
2000,Distrito Federal,1240,8944935,13.86259375
2000,Durango,165,1497613,11.01753257
2000,Guanajuato,939,5143766,18.25510725
2000,Guerrero,382,3226387,11.83986918
2000,Hidalgo,256,2390284,10.71002442
2000,Jalisco,1371,6513479,21.04865925
2000,México,1488,12933002,11.50544939
2000,Michoacán de Ocampo,678,4162262,16.28921966
2000,Morelos,215,1592066,13.50446527
2000,Nayarit,184,936661,19.64424696
2000,Nuevo León,154,3950061,3.89867397
2000,Oaxaca,443,3671421,12.06617274
2000,Puebla,878,5250025,16.72372989
2000,Querétaro de Arteaga,343,1554518,22.06471717
2000,Quintana Roo,141,938812,15.01898144
2000,San Luis Potosí,280,2390310,11.71396179
2000,Sinaloa,436,2537959,17.17915853
2000,Sonora,464,2289991,20.26208837
2000,Tabasco,276,1975910,13.96824754
2000,Tamaulipas,568,2790660,20.35360811
2000,Tlaxcala,168,1011736,16.60512228
2000,Veracruz Llave,569,7232656,7.867096126
2000,Yucatán,170,1721303,9.876239105
2000,Zacatecas,354,1417715,24.96975767
2000,Nacional,13893,100895811,13.76964996
2001,Aguascalientes,167,1025563,16.28373879
2001,Baja California,216,2627368,8.221155164
2001,Baja California Sur,110,480190,22.90759908
2001,Campeche,103,714008,14.42560868
2001,Coahuila de Zaragoza,340,2433242,13.97312721
2001,Colima,86,557968,15.41307028
2001,Chiapas,93,4239830,2.193484173
2001,Chihuahua,546,3048688,17.9093433
2001,Distrito Federal,1265,8961129,14.11652483
2001,Durango,129,1511810,8.532818277
2001,Guanajuato,861,5170538,16.65203892
2001,Guerrero,364,3240532,11.23272352
2001,Hidalgo,260,2408458,10.79528894
2001,Jalisco,1343,6592401,20.37194036
2001,México,1584,13195345,12.00423331
2001,Michoacán de Ocampo,694,4176873,16.61530049
2001,Morelos,223,1611070,13.84173251
2001,Nayarit,200,946927,21.1209523
2001,Nuevo León,139,4026904,3.451783305
2001,Oaxaca,525,3677835,14.27470237
2001,Puebla,762,5301444,14.37344241
2001,Querétaro de Arteaga,330,1579076,20.89829749
2001,Quintana Roo,120,976468,12.2891892
2001,San Luis Potosí,357,2407204,14.83048383
2001,Sinaloa,412,2571178,16.02378365
2001,Sonora,554,2330502,23.77170241
2001,Tabasco,312,2004482,15.56511857
2001,Tamaulipas,550,2852000,19.28471248
2001,Tlaxcala,181,1027495,17.6156575
2001,Veracruz Llave,579,7257778,7.977648255
2001,Yucatán,171,1746077,9.793382537
2001,Zacatecas,342,1421912,24.05212137
2001,Nacional,13918,102122295,13.62875756
2002,Aguascalientes,153,1043783,14.65821919
2002,Baja California,279,2702832,10.32250617
2002,Baja California Sur,116,495522,23.40965689
2002,Campeche,101,727546,13.88228373
2002,Coahuila de Zaragoza,338,2472921,13.66804682
2002,Colima,87,566389,15.36046781
2002,Chiapas,102,4318948,2.361686225
2002,Chihuahua,460,3107892,14.80102912
2002,Distrito Federal,1306,8973544,14.55389309
2002,Durango,180,1525797,11.79711325
2002,Guanajuato,955,5208629,18.33495916
2002,Guerrero,413,3258145,12.67592449
2002,Hidalgo,271,2431444,11.1456402
2002,Jalisco,1353,6671656,20.27982258
2002,México,1406,13459745,10.44596313
2002,Michoacán de Ocampo,704,4193971,16.78600067
2002,Morelos,242,1629599,14.85027912
2002,Nayarit,289,958314,30.15713013
2002,Nuevo León,284,4103482,6.920951524
2002,Oaxaca,493,3696385,13.33735528
2002,Puebla,817,5364489,15.22978237
2002,Querétaro de Arteaga,336,1607589,20.90086459
2002,Quintana Roo,112,1015299,11.03123316
2002,San Luis Potosí,473,2425828,19.49849701
2002,Sinaloa,438,2602506,16.82993238
2002,Sonora,526,2373321,22.16303652
2002,Tabasco,353,2033695,17.35756837
2002,Tamaulipas,540,2911087,18.54977196
2002,Tlaxcala,177,1045455,16.93042742
2002,Veracruz Llave,563,7294006,7.718666532
2002,Yucatán,283,1771733,15.9730614
2002,Zacatecas,396,1426392,27.76235425
2002,Nacional,14546,103417944,14.06525738
2003,Aguascalientes,193,1062250,18.16898094
2003,Baja California,186,2775926,6.700466799
2003,Baja California Sur,101,511831,19.73307596
2003,Campeche,107,741113,14.43774431
2003,Coahuila de Zaragoza,298,2512261,11.86182487
2003,Colima,104,575411,18.07403751
2003,Chiapas,141,4397267,3.206537151
2003,Chihuahua,575,3165454,18.16485092
2003,Distrito Federal,1329,8982214,14.79590667
2003,Durango,231,1540255,14.99751664
2003,Guanajuato,899,5247781,17.13105025
2003,Guerrero,342,3276596,10.43766152
2003,Hidalgo,276,2456380,11.23604654
2003,Jalisco,1384,6752883,20.49495008
2003,México,1554,13723512,11.32363203
2003,Michoacán de Ocampo,710,4212077,16.85629204
2003,Morelos,255,1648428,15.46928346
2003,Nayarit,260,970986,26.77690513
2003,Nuevo León,504,4180268,12.05664326
2003,Oaxaca,465,3715944,12.51364391
2003,Puebla,864,5428158,15.91700168
2003,Querétaro de Arteaga,321,1636560,19.61431295
2003,Quintana Roo,114,1054642,10.80935521
2003,San Luis Potosí,456,2445009,18.6502381
2003,Sinaloa,436,2633143,16.55815882
2003,Sonora,467,2416527,19.3252548
2003,Tabasco,358,2062700,17.35589276
2003,Tamaulipas,550,2968581,18.52737048
2003,Tlaxcala,139,1063593,13.06890888
2003,Veracruz Llave,572,7333249,7.800089701
2003,Yucatán,269,1797323,14.96670326
2003,Zacatecas,427,1431569,29.82741314
2003,Nacional,14887,104719891,14.21601938
2004,Aguascalientes,222,1079814,20.55909629
2004,Baja California,230,2845936,8.081699659
2004,Baja California Sur,120,529124,22.67899396
2004,Campeche,96,754622,12.72160101
2004,Coahuila de Zaragoza,330,2550208,12.94012096
2004,Colima,100,584151,17.11886139
2004,Chiapas,122,4476586,2.725291104
2004,Chihuahua,664,3218865,20.6283892
2004,Distrito Federal,1161,8982860,12.92461421
2004,Durango,236,1551703,15.20909607
2004,Guanajuato,995,5282560,18.83556457
2004,Guerrero,344,3291452,10.4513145
2004,Hidalgo,281,2480424,11.32870832
2004,Jalisco,1297,6823155,19.00880165
2004,México,1614,13978080,11.54665018
2004,Michoacán de Ocampo,745,4220890,17.65030598
2004,Morelos,255,1663867,15.32574419
2004,Nayarit,270,982991,27.46718942
2004,Nuevo León,427,4254706,10.03594608
2004,Oaxaca,445,3738874,11.90197905
2004,Puebla,817,5493482,14.87217033
2004,Querétaro de Arteaga,364,1666361,21.84400619
2004,Quintana Roo,132,1094787,12.05713988
2004,San Luis Potosí,443,2460435,18.00494628
2004,Sinaloa,429,2660125,16.1270617
2004,Sonora,537,2460302,21.82658877
2004,Tabasco,368,2092064,17.59028404
2004,Tamaulipas,590,3022458,19.52053593
2004,Tlaxcala,149,1082473,13.7647775
2004,Veracruz Llave,580,7372393,7.867187764
2004,Yucatán,256,1823186,14.04135398
2004,Zacatecas,404,1432635,28.19978571
2004,Nacional,15023,105951569,14.1791199
2005,Aguascalientes,210,1096736,19.14772561
2005,Baja California,206,2912674,7.072538842
2005,Baja California Sur,164,546776,29.9940012
2005,Campeche,136,768097,17.70609702
2005,Coahuila de Zaragoza,356,2587518,13.7583584
2005,Colima,93,593827,15.66112689
2005,Chiapas,123,4549034,2.703870756
2005,Chihuahua,677,3270309,20.70140773
2005,Distrito Federal,1222,8980415,13.60738897
2005,Durango,277,1566228,17.68580309
2005,Guanajuato,1009,5307620,19.01040391
2005,Guerrero,297,3306347,8.982723229
2005,Hidalgo,368,2504490,14.69361028
2005,Jalisco,1339,6903508,19.3959361
2005,México,1592,14233514,11.18486974
2005,Michoacán de Ocampo,886,4233917,20.92624867
2005,Morelos,241,1681965,14.32847889
2005,Nayarit,290,997581,29.07032111
2005,Nuevo León,544,4330486,12.56210042
2005,Oaxaca,576,3749560,15.36180245
2005,Puebla,809,5545664,14.5879736
2005,Querétaro de Arteaga,360,1692334,21.27239658
2005,Quintana Roo,166,1134284,14.63478282
2005,San Luis Potosí,511,2477675,20.62417387
2005,Sinaloa,479,2689158,17.81226689
2005,Sonora,611,2501653,24.42385095
2005,Tabasco,411,2120331,19.38376603
2005,Tamaulipas,594,3075303,19.31516992
2005,Tlaxcala,146,1098660,13.28891559
2005,Veracruz Llave,592,7409930,7.989279251
2005,Yucatán,273,1848087,14.77203184
2005,Zacatecas,406,1437330,28.24681875
2005,Nacional,15964,107151011,14.89859951
2006,Aguascalientes,197,1114099,17.68245012
2006,Baja California,218,2977440,7.321726047
2006,Baja California Sur,124,565024,21.94597044
2006,Campeche,136,781620,17.39975947
2006,Coahuila de Zaragoza,323,2625332,12.30320584
2006,Colima,113,605061,18.67580294
2006,Chiapas,330,4616199,7.148738605
2006,Chihuahua,775,3322439,23.32623714
2006,Distrito Federal,1201,8977954,13.37721267
2006,Durango,287,1585478,18.10179643
2006,Guanajuato,993,5333508,18.61814026
2006,Guerrero,309,3325479,9.291894491
2006,Hidalgo,364,2531941,14.37632236
2006,Jalisco,1432,7000916,20.45446624
2006,México,1752,14497023,12.08523985
2006,Michoacán de Ocampo,942,4258725,22.11929627
2006,Morelos,322,1704544,18.89068279
2006,Nayarit,276,1015912,27.16770744
2006,Nuevo León,544,4408836,12.33885769
2006,Oaxaca,545,3753744,14.51883773
2006,Puebla,833,5590760,14.89958431
2006,Querétaro de Arteaga,338,1716842,19.68730961
2006,Quintana Roo,184,1174644,15.66432042
2006,San Luis Potosí,460,2499894,18.40078019
2006,Sinaloa,553,2721660,20.3184821
2006,Sonora,713,2542078,28.04791985
2006,Tabasco,474,2147091,22.07638149
2006,Tamaulipas,643,3129386,20.54716165
2006,Tlaxcala,170,1113144,15.27205824
2006,Veracruz Llave,666,7451476,8.937826546
2006,Yucatán,266,1872573,14.20505369
2006,Zacatecas,285,1448005,19.68225248
2006,Nacional,16768,108408827,15.46737518
2007,Aguascalientes,183,1133032,16.15135318
2007,Baja California,139,3041783,4.569688239
2007,Baja California Sur,187,584639,31.98555006
2007,Campeche,115,795450,14.45722547
2007,Coahuila de Zaragoza,308,2664019,11.5614791
2007,Colima,124,617146,20.09249027
2007,Chiapas,104,4688014,2.218423409
2007,Chihuahua,488,3376544,14.45264744
2007,Distrito Federal,937,8973450,10.44191476
2007,Durango,362,1605415,22.54868679
2007,Guanajuato,928,5377044,17.25855321
2007,Guerrero,335,3349840,10.00047763
2007,Hidalgo,379,2565231,14.77449789
2007,Jalisco,1510,7101648,21.2626703
2007,México,1755,14765300,11.8859759
2007,Michoacán de Ocampo,603,4290259,14.05509551
2007,Morelos,183,1727522,10.59320807
2007,Nayarit,331,1035898,31.9529529
2007,Nuevo León,567,4487206,12.63592534
2007,Oaxaca,582,3773572,15.42305275
2007,Puebla,875,5651042,15.48387005
2007,Querétaro de Arteaga,323,1746996,18.48888034
2007,Quintana Roo,212,1218194,17.40281105
2007,San Luis Potosí,368,2525095,14.57370911
2007,Sinaloa,515,2753754,18.70174315
2007,Sonora,760,2586060,29.38833592
2007,Tabasco,419,2174464,19.26911644
2007,Tamaulipas,384,3184546,12.05823373
2007,Tlaxcala,146,1130405,12.9157249
2007,Veracruz Llave,659,7505280,8.780485205
2007,Yucatán,291,1898633,15.32681671
2007,Zacatecas,271,1459907,18.56282626
2007,Nacional,15343,109787388,13.97519358
2008,Aguascalientes,242,1154011,20.97033737
2008,Baja California,172,3105709,5.538187898
2008,Baja California Sur,198,605343,32.70872877
2008,Campeche,132,809636,16.30362286
2008,Coahuila de Zaragoza,373,2703905,13.79486336
2008,Colima,100,630606,15.85776222
2008,Chiapas,169,4762080,3.548869402
2008,Chihuahua,816,3431517,23.77957038
2008,Distrito Federal,1065,8969421,11.87367613
2008,Durango,386,1628321,23.70539961
2008,Guanajuato,1062,5437620,19.53060346
2008,Guerrero,399,3380933,11.8014761
2008,Hidalgo,430,2605175,16.50560903
2008,Jalisco,1536,7213583,21.29316319
2008,México,1759,15040385,11.69517935
2008,Michoacán de Ocampo,943,4333681,21.75979266
2008,Morelos,282,1753157,16.08526789
2008,Nayarit,222,1058677,20.96956862
2008,Nuevo León,508,4566871,11.12358987
2008,Oaxaca,640,3804078,16.8240504
2008,Puebla,879,5722490,15.36044624
2008,Querétaro de Arteaga,377,1780583,21.17284058
2008,Quintana Roo,179,1261970,14.18417237
2008,San Luis Potosí,465,2555735,18.19437461
2008,Sinaloa,515,2787098,18.47800113
2008,Sonora,681,2632192,25.87197287
2008,Tabasco,562,2202203,25.51989985
2008,Tamaulipas,569,3239174,17.56620669
2008,Tlaxcala,176,1149453,15.31163084
2008,Veracruz Llave,582,7571413,7.686808262
2008,Yucatán,308,1925861,15.99284684
2008,Zacatecas,330,1476134,22.355694
2008,Nacional,17057,111299015,15.32538271
2009,Aguascalientes,218,1175942,18.53832927
2009,Baja California,257,3168319,8.111556949
2009,Baja California Sur,112,626900,17.86568831
2009,Campeche,112,824071,13.59106194
2009,Coahuila de Zaragoza,391,2743966,14.2494477
2009,Colima,115,645050,17.82807534
2009,Chiapas,389,4836326,8.043295675
2009,Chihuahua,610,3485093,17.50311972
2009,Distrito Federal,1050,8961594,11.71666558
2009,Durango,354,1650042,21.45399935
2009,Guanajuato,1098,5503354,19.95146959
2009,Guerrero,530,3415204,15.5188387
2009,Hidalgo,398,2649264,15.02304036
2009,Jalisco,1593,7331993,21.72669832
2009,México,1725,15315644,11.26299358
2009,Michoacán de Ocampo,950,4381615,21.68150328
2009,Morelos,249,1779708,13.99105921
2009,Nayarit,310,1083772,28.60380228
2009,Nuevo León,444,4646180,9.556237597
2009,Oaxaca,596,3838339,15.52754981
2009,Puebla,837,5796436,14.43990756
2009,Querétaro de Arteaga,350,1815459,19.27887107
2009,Quintana Roo,147,1305885,11.25673394
2009,San Luis Potosí,478,2589037,18.46246307
2009,Sinaloa,684,2820908,24.24751179
2009,Sonora,659,2679501,24.59413152
2009,Tabasco,590,2229667,26.46135051
2009,Tamaulipas,649,3290198,19.72525666
2009,Tlaxcala,204,1168846,17.45311187
2009,Veracruz Llave,1037,7646283,13.56214516
2009,Yucatán,297,1953829,15.20092086
2009,Zacatecas,387,1494169,25.90068459
2009,Nacional,17820,112852594,15.79050988
2010,Aguascalientes,216,1195787,18.06341765
2010,Baja California,271,3224844,8.40350727
2010,Baja California Sur,130,649616,20.01182237
2010,Campeche,96,836748,11.47298828
2010,Coahuila de Zaragoza,371,2782013,13.33566737
2010,Colima,112,658910,16.99776904
2010,Chiapas,171,4903755,3.487123643
2010,Chihuahua,801,3525273,22.72164454
2010,Distrito Federal,1026,8944599,11.47060925
2010,Durango,319,1669815,19.10391271
2010,Guanajuato,1012,5558502,18.20634408
2010,Guerrero,372,3444264,10.80056581
2010,Hidalgo,348,2690086,12.93638939
2010,Jalisco,1516,7442625,20.36915739
2010,México,1784,15571679,11.45669648
2010,Michoacán de Ocampo,865,4420271,19.56893593
2010,Morelos,203,1803340,11.25688999
2010,Nayarit,301,1108860,27.14499576
2010,Nuevo León,325,4723273,6.880821837
2010,Oaxaca,595,3868109,15.38219321
2010,Puebla,734,5863823,12.51743103
2010,Querétaro de Arteaga,416,1848191,22.50849615
2010,Quintana Roo,130,1350945,9.622893604
2010,San Luis Potosí,445,2616459,17.00771921
2010,Sinaloa,684,2851334,23.98877157
2010,Sonora,672,2727032,24.64217508
2010,Tabasco,576,2252641,25.56998652
2010,Tamaulipas,546,3334664,16.37346371
2010,Tlaxcala,182,1186143,15.34384977
2010,Veracruz Llave,650,7712247,8.4281533
2010,Yucatán,287,1980690,14.48989998
2010,Zacatecas,403,1509019,26.70609184
2010,Nacional,16559,114255557,14.49294935
2011,Aguascalientes,219,1215094,18.02329696
2011,Baja California,314,3275399,9.586618302
2011,Baja California Sur,144,672682,21.40684603
2011,Campeche,98,852373,11.49731397
2011,Coahuila de Zaragoza,350,2818077,12.41981678
2011,Colima,135,672263,20.08142647
2011,Chiapas,427,4980633,8.573207462
2011,Chihuahua,692,3559248,19.44230916
2011,Distrito Federal,967,8928400,10.83060795
2011,Durango,355,1690418,21.0007229
2011,Guanajuato,988,5614698,17.59667216
2011,Guerrero,397,3473454,11.42954535
2011,Hidalgo,451,2730570,16.51669798
2011,Jalisco,1411,7543233,18.70550731
2011,México,1746,15845558,11.01886093
2011,Michoacán de Ocampo,767,4458100,17.20463875
2011,Morelos,222,1827187,12.14982375
2011,Nayarit,287,1132215,25.34854246
2011,Nuevo León,524,4797263,10.92289499
2011,Oaxaca,507,3901419,12.99527172
2011,Puebla,771,5935014,12.9907023
2011,Querétaro de Arteaga,398,1881105,21.15777694
2011,Quintana Roo,133,1395357,9.531610907
2011,San Luis Potosí,392,2647570,14.80602968
2011,Sinaloa,776,2878525,26.95825119
2011,Sonora,612,2767364,22.11490791
2011,Tabasco,484,2283140,21.19887523
2011,Tamaulipas,432,3376515,12.7942568
2011,Tlaxcala,203,1206291,16.82844355
2011,Veracruz Llave,749,7791801,9.612668496
2011,Yucatán,295,2009160,14.68275299
2011,Zacatecas,368,1522741,24.16694632
2011,Nacional,16614,115682867,14.36167726
2012,Aguascalientes,213,1233921,17.26204514
2012,Baja California,202,3328623,6.068575504
2012,Baja California Sur,137,695409,19.7006366
2012,Campeche,99,866375,11.42692252
2012,Coahuila de Zaragoza,348,2854334,12.19198594
2012,Colima,141,685394,20.57210889
2012,Chiapas,521,5050568,10.31567143
2012,Chihuahua,625,3598792,17.36693868
2012,Distrito Federal,937,8911665,10.51430905
2012,Durango,381,1709741,22.28407694
2012,Guanajuato,1048,5668181,18.48917669
2012,Guerrero,474,3499507,13.54476502
2012,Hidalgo,428,2768973,15.45699434
2012,Jalisco,1487,7644152,19.45277907
2012,México,1799,16106485,11.16941406
2012,Michoacán de Ocampo,777,4494730,17.28691156
2012,Morelos,239,1850812,12.91325105
2012,Nayarit,304,1155448,26.31014117
2012,Nuevo León,631,4868844,12.95995518
2012,Oaxaca,504,3930833,12.8217098
2012,Puebla,814,6002161,13.56178216
2012,Querétaro de Arteaga,369,1912803,19.29106134
2012,Quintana Roo,171,1440115,11.87405173
2012,San Luis Potosí,444,2675311,16.59620134
2012,Sinaloa,645,2905750,22.19736729
2012,Sonora,622,2809806,22.13675962
2012,Tabasco,583,2309071,25.24824919
2012,Tamaulipas,555,3419338,16.23121201
2012,Tlaxcala,196,1224637,16.00474263
2012,Veracruz Llave,683,7858604,8.691111042
2012,Yucatán,294,2036694,14.43515815
2012,Zacatecas,430,1536674,27.98251288
2012,Nacional,17101,117053751,14.60952755
2013,Aguascalientes,192,1252265,15.33221802
2013,Baja California,226,3381080,6.684254735
2013,Baja California Sur,123,718196,17.12624409
2013,Campeche,98,880299,11.13258109
2013,Coahuila de Zaragoza,450,2890108,15.57035239
2013,Colima,103,698295,14.75021302
2013,Chiapas,492,5119186,9.610902983
2013,Chihuahua,641,3635966,17.62942778
2013,Distrito Federal,871,8893742,9.793403047
2013,Durango,383,1728429,22.15885061
2013,Guanajuato,918,5719709,16.04976757
2013,Guerrero,418,3523858,11.86199898
2013,Hidalgo,430,2806334,15.32248122
2013,Jalisco,1334,7742303,17.23001541
2013,México,1687,16364210,10.30908305
2013,Michoacán de Ocampo,583,4529914,12.87000151
2013,Morelos,230,1874188,12.27198125
2013,Nayarit,221,1178403,18.7541953
2013,Nuevo León,647,4941059,13.09435892
2013,Oaxaca,475,3959042,11.99785201
2013,Puebla,727,6067607,11.98165933
2013,Querétaro de Arteaga,319,1943889,16.41040203
2013,Quintana Roo,169,1484960,11.38077793
2013,San Luis Potosí,469,2702145,17.35658153
2013,Sinaloa,585,2932313,19.95012129
2013,Sonora,576,2851462,20.20016399
2013,Tabasco,624,2334493,26.72957255
2013,Tamaulipas,528,3461336,15.25422554
2013,Tlaxcala,185,1242734,14.88653244
2013,Veracruz Llave,589,7923198,7.433866981
2013,Yucatán,249,2064151,12.06307097
2013,Zacatecas,314,1550179,20.25572531
2013,Nacional,15856,118395053,13.39245146
