Periodo,Entidad de Residencia,Defunciones por Cancer de Mama,Poblacion Femenina Total,Tasa de Mortalidad por Cancer de Mama
1990,Aguascalientes,29,159967,18.12873905
1990,Baja California,79,337917,23.37852194
1990,Baja California Sur,7,63290,11.06019908
1990,Campeche,12,108154,11.09529005
1990,Coahuila de Zaragoza,62,410228,15.11354661
1990,Colima,7,96847,7.227895547
1990,Chiapas,26,602625,4.314457581
1990,Chihuahua,93,498115,18.67038736
1990,Distrito Federal,409,2129171,19.20935425
1990,Durango,41,267146,15.34741303
1990,Guanajuato,90,884162,10.17913007
1990,Guerrero,26,597406,4.352149125
1990,Hidalgo,43,447400,9.611086276
1990,Jalisco,193,1186672,16.26397185
1990,México,194,2009827,9.652572087
1990,Michoacán de Ocampo,77,795964,9.673804343
1990,Morelos,22,300631,7.317941264
1990,Nayarit,18,173098,10.39873367
1990,Nuevo León,132,675754,19.53373565
1990,Oaxaca,36,715171,5.033761156
1990,Puebla,81,916058,8.84223488
1990,Querétaro de Arteaga,28,238573,11.73644964
1990,Quintana Roo,3,87114,3.443763345
1990,San Luis Potosí,46,444737,10.34319159
1990,Sinaloa,57,444980,12.80956447
1990,Sonora,64,385279,16.6113388
1990,Tabasco,19,302545,6.280057512
1990,Tamaulipas,80,478854,16.70655356
1990,Tlaxcala,15,165797,9.047208333
1990,Veracruz Llave,154,1426276,10.79734918
1990,Yucatán,24,306353,7.834099878
1990,Zacatecas,23,270221,8.511551656
1990,Nacional,2190,17926332,12.21666541
1991,Aguascalientes,17,166393,10.21677595
1991,Baja California,77,359646,21.409942
1991,Baja California Sur,15,66754,22.47056356
1991,Campeche,10,112580,8.882572393
1991,Coahuila de Zaragoza,69,425278,16.22468127
1991,Colima,16,100279,15.9554842
1991,Chiapas,41,622424,6.587149596
1991,Chihuahua,115,518224,22.19117602
1991,Distrito Federal,425,2176566,19.52617104
1991,Durango,35,274223,12.76333495
1991,Guanajuato,92,909116,10.1197207
1991,Guerrero,31,608782,5.092134787
1991,Hidalgo,45,458185,9.821360368
1991,Jalisco,213,1221600,17.43614931
1991,México,246,2112123,11.64704896
1991,Michoacán de Ocampo,80,812550,9.845547966
1991,Morelos,32,310329,10.311637
1991,Nayarit,17,177691,9.567169975
1991,Nuevo León,144,702866,20.4875467
1991,Oaxaca,50,728556,6.86289043
1991,Puebla,83,942466,8.806683742
1991,Querétaro de Arteaga,16,248100,6.449012495
1991,Quintana Roo,4,95137,4.204463038
1991,San Luis Potosí,44,455539,9.658887603
1991,Sinaloa,65,459879,14.13415268
1991,Sonora,62,400162,15.49372504
1991,Tabasco,24,314260,7.636988481
1991,Tamaulipas,78,496789,15.70083073
1991,Tlaxcala,13,171670,7.572668492
1991,Veracruz Llave,115,1464611,7.851914263
1991,Yucatán,31,315640,9.821315423
1991,Zacatecas,29,275502,10.52623937
1991,Nacional,2334,18503920,12.61354351
1992,Aguascalientes,20,172994,11.5610946
1992,Baja California,56,381655,14.6729376
1992,Baja California Sur,11,70377,15.63010643
1992,Campeche,17,117223,14.50227344
1992,Coahuila de Zaragoza,73,440861,16.5585071
1992,Colima,17,103704,16.39281031
1992,Chiapas,32,643598,4.972047769
1992,Chihuahua,104,539295,19.28443616
1992,Distrito Federal,454,2223013,20.42273257
1992,Durango,35,281469,12.43476191
1992,Guanajuato,96,935003,10.26734674
1992,Guerrero,28,620111,4.515320644
1992,Hidalgo,38,469605,8.091907028
1992,Jalisco,232,1256999,18.45665748
1992,México,263,2216184,11.86724568
1992,Michoacán de Ocampo,89,829119,10.73428543
1992,Morelos,39,320054,12.18544371
1992,Nayarit,19,182332,10.42055152
1992,Nuevo León,170,731193,23.24967553
1992,Oaxaca,48,742498,6.464663878
1992,Puebla,82,970185,8.451996269
1992,Querétaro de Arteaga,25,258102,9.686093095
1992,Quintana Roo,6,103497,5.797269486
1992,San Luis Potosí,72,466628,15.4298499
1992,Sinaloa,60,475061,12.62995699
1992,Sonora,80,415414,19.25789694
1992,Tabasco,29,326413,8.884450068
1992,Tamaulipas,82,516040,15.89024107
1992,Tlaxcala,15,177825,8.435259384
1992,Veracruz Llave,165,1503821,10.97205053
1992,Yucatán,42,325350,12.90917473
1992,Zacatecas,19,280909,6.763756234
1992,Nacional,2518,19096532,13.1856402
1993,Aguascalientes,17,179712,9.459579772
1993,Baja California,71,404728,17.54264593
1993,Baja California Sur,22,74137,29.67479126
1993,Campeche,9,121956,7.379710715
1993,Coahuila de Zaragoza,72,456865,15.75957887
1993,Colima,16,107121,14.93638035
1993,Chiapas,46,665399,6.913145346
1993,Chihuahua,101,560931,18.00577968
1993,Distrito Federal,490,2269198,21.59353216
1993,Durango,33,288781,11.4273446
1993,Guanajuato,112,961025,11.65422336
1993,Guerrero,47,631038,7.448045918
1993,Hidalgo,47,481031,9.77068006
1993,Jalisco,254,1292625,19.64993714
1993,México,268,2322254,11.54051193
1993,Michoacán de Ocampo,95,845413,11.23711133
1993,Morelos,37,329701,11.22228929
1993,Nayarit,19,186968,10.16216679
1993,Nuevo León,182,760282,23.93848598
1993,Oaxaca,49,756249,6.479347411
1993,Puebla,95,998197,9.517159438
1993,Querétaro de Arteaga,19,268438,7.077984488
1993,Quintana Roo,3,112320,2.670940171
1993,San Luis Potosí,58,477653,12.14270611
1993,Sinaloa,77,490393,15.70169232
1993,Sonora,77,431059,17.86298395
1993,Tabasco,31,338773,9.150670213
1993,Tamaulipas,103,535977,19.21724253
1993,Tlaxcala,19,184142,10.31812406
1993,Veracruz Llave,153,1542206,9.920853634
1993,Yucatán,29,335331,8.648171508
1993,Zacatecas,25,286272,8.732953275
1993,Nacional,2676,19696175,13.58639431
1994,Aguascalientes,32,186624,17.14677641
1994,Baja California,66,428649,15.3972131
1994,Baja California Sur,9,78043,11.5321041
1994,Campeche,9,126875,7.093596059
1994,Coahuila de Zaragoza,107,473384,22.6032143
1994,Colima,16,110626,14.4631461
1994,Chiapas,42,688338,6.101653548
1994,Chihuahua,110,583300,18.85822047
1994,Distrito Federal,475,2315447,20.51439744
1994,Durango,37,296298,12.4874282
1994,Guanajuato,126,987734,12.75647087
1994,Guerrero,51,642264,7.940659916
1994,Hidalgo,55,492916,11.15808779
1994,Jalisco,248,1329100,18.6592431
1994,México,284,2430946,11.68269472
1994,Michoacán de Ocampo,76,862060,8.816091687
1994,Morelos,30,339475,8.83717505
1994,Nayarit,37,191725,19.29847438
1994,Nuevo León,163,790334,20.6241918
1994,Oaxaca,52,770507,6.748803061
1994,Puebla,99,1026943,9.64026241
1994,Querétaro de Arteaga,30,279181,10.74571694
1994,Quintana Roo,8,121632,6.577216522
1994,San Luis Potosí,49,488850,10.0235246
1994,Sinaloa,69,506086,13.63404639
1994,Sonora,94,447096,21.02456743
1994,Tabasco,31,351579,8.817363949
1994,Tamaulipas,85,556741,15.26742237
1994,Tlaxcala,24,190661,12.5877867
1994,Veracruz Llave,163,1580940,10.31032171
1994,Yucatán,34,345665,9.836113
1994,Zacatecas,28,291791,9.595909401
1994,Nacional,2739,20311810,13.48476576
1995,Aguascalientes,31,193720,16.0024778
1995,Baja California,81,453419,17.86427124
1995,Baja California Sur,14,82097,17.05299828
1995,Campeche,11,131966,8.335480351
1995,Coahuila de Zaragoza,90,490404,18.35221572
1995,Colima,17,114227,14.88264596
1995,Chiapas,43,712394,6.035985705
1995,Chihuahua,119,606337,19.62604954
1995,Distrito Federal,496,2361910,20.99995343
1995,Durango,35,304036,11.51179466
1995,Guanajuato,130,1015348,12.803492
1995,Guerrero,41,653925,6.269832167
1995,Hidalgo,45,505358,8.904578536
1995,Jalisco,281,1366520,20.56318239
1995,México,312,2541917,12.27420093
1995,Michoacán de Ocampo,116,879359,13.19142694
1995,Morelos,40,349515,11.44443014
1995,Nayarit,40,196643,20.34143092
1995,Nuevo León,199,821260,24.23105959
1995,Oaxaca,45,785403,5.729542668
1995,Puebla,103,1056695,9.747372705
1995,Querétaro de Arteaga,35,290383,12.05304718
1995,Quintana Roo,6,131434,4.565028836
1995,San Luis Potosí,67,500318,13.39148302
1995,Sinaloa,85,522185,16.27775597
1995,Sonora,77,463585,16.60968323
1995,Tabasco,23,364841,6.30411604
1995,Tamaulipas,116,578342,20.05733632
1995,Tlaxcala,16,197446,8.103481458
1995,Veracruz Llave,201,1620218,12.40573799
1995,Yucatán,29,356311,8.138957259
1995,Zacatecas,36,297496,12.10100304
1995,Nacional,2980,20945012,14.22773117
1996,Aguascalientes,41,200967,20.40135943
1996,Baja California,79,479021,16.49197008
1996,Baja California Sur,12,86313,13.90288833
1996,Campeche,8,137172,5.832094013
1996,Coahuila de Zaragoza,106,507827,20.87325014
1996,Colima,14,117871,11.87739139
1996,Chiapas,79,737309,10.71463932
1996,Chihuahua,124,629925,19.68488312
1996,Distrito Federal,478,2408440,19.84687183
1996,Durango,45,311919,14.42682235
1996,Guanajuato,131,1043522,12.55364046
1996,Guerrero,39,665767,5.857905243
1996,Hidalgo,56,518188,10.80688862
1996,Jalisco,256,1404633,18.22540123
1996,México,327,2654535,12.31854167
1996,Michoacán de Ocampo,109,896979,12.15190099
1996,Morelos,47,359676,13.06731614
1996,Nayarit,33,201616,16.36774859
1996,Nuevo León,183,852925,21.45557933
1996,Oaxaca,49,800717,6.119515384
1996,Puebla,116,1087333,10.66830493
1996,Querétaro de Arteaga,40,302017,13.24428757
1996,Quintana Roo,8,141765,5.643141819
1996,San Luis Potosí,67,511974,13.08660205
1996,Sinaloa,83,538550,15.41175378
1996,Sonora,107,480476,22.26958266
1996,Tabasco,41,378499,10.83226112
1996,Tamaulipas,108,600630,17.98111982
1996,Tlaxcala,20,204474,9.781194675
1996,Veracruz Llave,177,1659520,10.66573467
1996,Yucatán,35,367275,9.529644
1996,Zacatecas,47,303260,15.49825232
1996,Nacional,3065,21591095,14.19566724
1997,Aguascalientes,42,208335,20.15983872
1997,Baja California,67,505161,13.2630983
1997,Baja California Sur,14,90696,15.43618241
1997,Campeche,16,142516,11.22680962
1997,Coahuila de Zaragoza,98,525586,18.64585434
1997,Colima,24,121593,19.73797834
1997,Chiapas,62,762850,8.127416923
1997,Chihuahua,104,653899,15.90459689
1997,Distrito Federal,557,2454825,22.69000845
1997,Durango,40,319772,12.5089126
1997,Guanajuato,132,1072034,12.31304231
1997,Guerrero,63,677575,9.297863705
1997,Hidalgo,55,531303,10.35190842
1997,Jalisco,285,1443180,19.74805638
1997,México,328,2768096,11.84930002
1997,Michoacán de Ocampo,112,914567,12.24623237
1997,Morelos,37,369826,10.00470492
1997,Nayarit,25,206651,12.09769128
1997,Nuevo León,198,885201,22.36780121
1997,Oaxaca,69,816303,8.45274365
1997,Puebla,111,1118772,9.921592603
1997,Querétaro de Arteaga,37,314024,11.78253891
1997,Quintana Roo,7,152582,4.587697107
1997,San Luis Potosí,44,523586,8.403586039
1997,Sinaloa,93,555063,16.75485485
1997,Sonora,107,497652,21.50096855
1997,Tabasco,36,392465,9.172792478
1997,Tamaulipas,124,623558,19.8858807
1997,Tlaxcala,27,211717,12.75287294
1997,Veracruz Llave,176,1698257,10.36356688
1997,Yucatán,53,378596,13.99909138
1997,Zacatecas,38,309006,12.29749584
1997,Nacional,3181,22245247,14.29968388
1998,Aguascalientes,34,215823,15.75364998
1998,Baja California,73,531740,13.72851394
1998,Baja California Sur,6,95222,6.30106488
1998,Campeche,13,148023,8.782418948
1998,Coahuila de Zaragoza,128,543607,23.54642232
1998,Colima,30,125384,23.9264978
1998,Chiapas,53,789038,6.717040244
1998,Chihuahua,141,678222,20.78965295
1998,Distrito Federal,529,2500847,21.15283342
1998,Durango,33,327670,10.07110813
1998,Guanajuato,138,1101180,12.53201112
1998,Guerrero,55,689552,7.976193239
1998,Hidalgo,60,544867,11.01186161
1998,Jalisco,282,1482165,19.02622178
1998,México,358,2882152,12.4212741
1998,Michoacán de Ocampo,116,932453,12.4403053
1998,Morelos,51,380069,13.41861609
1998,Nayarit,16,211780,7.555009916
1998,Nuevo León,190,917951,20.69827257
1998,Oaxaca,78,832330,9.371283025
1998,Puebla,127,1151024,11.03365351
1998,Querétaro de Arteaga,36,326429,11.02843191
1998,Quintana Roo,12,163908,7.321180174
1998,San Luis Potosí,78,535270,14.57208512
1998,Sinaloa,120,571764,20.98768023
1998,Sonora,98,515170,19.02284683
1998,Tabasco,46,406695,11.31068737
1998,Tamaulipas,141,647141,21.788142
1998,Tlaxcala,29,219189,13.23059095
1998,Veracruz Llave,184,1736422,10.59650246
1998,Yucatán,50,390219,12.81331765
1998,Zacatecas,41,314805,13.02393545
1998,Nacional,3346,22908111,14.60618032
1999,Aguascalientes,31,223247,13.88596487
1999,Baja California,107,558835,19.1469754
1999,Baja California Sur,10,99906,10.00940884
1999,Campeche,13,153598,8.46365187
1999,Coahuila de Zaragoza,126,561689,22.43234245
1999,Colima,15,128999,11.62799712
1999,Chiapas,75,816323,9.187539736
1999,Chihuahua,145,702412,20.6431553
1999,Distrito Federal,533,2545992,20.93486547
1999,Durango,44,334960,13.13589682
1999,Guanajuato,136,1130326,12.03192707
1999,Guerrero,49,700993,6.990084066
1999,Hidalgo,63,558390,11.28243701
1999,Jalisco,282,1518998,18.56486974
1999,México,390,2995036,13.02154632
1999,Michoacán de Ocampo,126,948883,13.27877093
1999,Morelos,47,389733,12.0595382
1999,Nayarit,36,216523,16.6264092
1999,Nuevo León,213,950596,22.40699519
1999,Oaxaca,56,849410,6.592811481
1999,Puebla,114,1184392,9.62519166
1999,Querétaro de Arteaga,48,339368,14.14393814
1999,Quintana Roo,8,175819,4.550133945
1999,San Luis Potosí,77,546238,14.09641951
1999,Sinaloa,79,587971,13.43603681
1999,Sonora,110,532928,20.64068692
1999,Tabasco,38,421279,9.020150542
1999,Tamaulipas,107,671163,15.94247597
1999,Tlaxcala,32,227044,14.09418439
1999,Veracruz Llave,180,1773139,10.15148841
1999,Yucatán,31,402136,7.708834822
1999,Zacatecas,61,319807,19.07400401
1999,Nacional,3382,23566133,14.35110292
2000,Aguascalientes,36,230573,15.61327649
2000,Baja California,98,586024,16.72286459
2000,Baja California Sur,20,104610,19.11863111
2000,Campeche,10,159248,6.279513714
2000,Coahuila de Zaragoza,114,579769,19.66300371
2000,Colima,17,132736,12.80737705
2000,Chiapas,53,843207,6.285526567
2000,Chihuahua,152,726968,20.90876077
2000,Distrito Federal,575,2590198,22.19907513
2000,Durango,48,342630,14.00928115
2000,Guanajuato,123,1157435,10.62694665
2000,Guerrero,58,712226,8.143482546
2000,Hidalgo,61,571652,10.67082771
2000,Jalisco,290,1557045,18.62502368
2000,México,368,3107417,11.84263329
2000,Michoacán de Ocampo,126,965399,13.05159835
2000,Morelos,39,399529,9.761494159
2000,Nayarit,36,221523,16.25113419
2000,Nuevo León,214,983790,21.7526098
2000,Oaxaca,65,864060,7.522625744
2000,Puebla,117,1215674,9.624290723
2000,Querétaro de Arteaga,35,351859,9.947166337
2000,Quintana Roo,14,188028,7.445699577
2000,San Luis Potosí,56,557187,10.05048574
2000,Sinaloa,93,604484,15.3850226
2000,Sonora,109,550178,19.81177001
2000,Tabasco,39,435896,8.947088296
2000,Tamaulipas,122,695792,17.53397567
2000,Tlaxcala,15,234579,6.394434284
2000,Veracruz Llave,220,1807521,12.1713662
2000,Yucatán,52,414023,12.55968871
2000,Zacatecas,44,325097,13.53442203
2000,Nacional,3419,24216357,14.11855631
2001,Aguascalientes,31,238074,13.02116149
2001,Baja California,102,613172,16.63481046
2001,Baja California Sur,19,109517,17.34890474
2001,Campeche,13,165082,7.874874305
2001,Coahuila de Zaragoza,120,597875,20.07108509
2001,Colima,22,136814,16.08022571
2001,Chiapas,54,870012,6.206810941
2001,Chihuahua,140,751913,18.61917536
2001,Distrito Federal,567,2632637,21.5373407
2001,Durango,49,351275,13.94918511
2001,Guanajuato,135,1184366,11.3985035
2001,Guerrero,62,724253,8.560544451
2001,Hidalgo,68,585546,11.61309274
2001,Jalisco,280,1598711,17.5141098
2001,México,455,3221639,14.12324596
2001,Michoacán de Ocampo,132,984160,13.41245326
2001,Morelos,44,410146,10.72788714
2001,Nayarit,27,227288,11.87920172
2001,Nuevo León,187,1017909,18.37099387
2001,Oaxaca,68,877043,7.753325664
2001,Puebla,146,1245753,11.71981926
2001,Querétaro de Arteaga,48,364106,13.18297419
2001,Quintana Roo,12,200575,5.982799452
2001,San Luis Potosí,73,569031,12.82882655
2001,Sinaloa,77,621777,12.38386109
2001,Sonora,103,567290,18.15649844
2001,Tabasco,54,450589,11.98431386
2001,Tamaulipas,141,720757,19.56276526
2001,Tlaxcala,27,241866,11.16320607
2001,Veracruz Llave,215,1841792,11.67341372
2001,Yucatán,45,426025,10.5627604
2001,Zacatecas,47,331443,14.18041715
2001,Nacional,3563,24878436,14.32163983
2002,Aguascalientes,37,245874,15.0483581
2002,Baja California,103,640528,16.0804836
2002,Baja California Sur,20,114842,17.41523136
2002,Campeche,16,171112,9.350600776
2002,Coahuila de Zaragoza,118,616063,19.15388524
2002,Colima,36,141105,25.51291591
2002,Chiapas,60,898616,6.676934308
2002,Chihuahua,156,776602,20.08750943
2002,Distrito Federal,574,2673023,21.47381448
2002,Durango,46,360160,12.77210129
2002,Guanajuato,174,1214396,14.32811044
2002,Guerrero,61,737390,8.272420293
2002,Hidalgo,61,600648,10.15569851
2002,Jalisco,330,1641689,20.10124938
2002,México,476,3338405,14.25830599
2002,Michoacán de Ocampo,141,1004658,14.03462671
2002,Morelos,57,421111,13.53562362
2002,Nayarit,33,233434,14.13675814
2002,Nuevo León,235,1052256,22.3329684
2002,Oaxaca,68,892627,7.617963606
2002,Puebla,148,1278594,11.57521465
2002,Querétaro de Arteaga,40,377411,10.59852522
2002,Quintana Roo,22,213776,10.29114587
2002,San Luis Potosí,69,581406,11.86778258
2002,Sinaloa,100,639119,15.64653844
2002,Sonora,103,585033,17.60584446
2002,Tabasco,47,465765,10.09092568
2002,Tamaulipas,149,745754,19.97977885
2002,Tlaxcala,30,249730,12.01297401
2002,Veracruz Llave,230,1877916,12.24761917
2002,Yucatán,43,438549,9.805061692
2002,Zacatecas,39,338205,11.5314676
2002,Nacional,3822,25565797,14.94966106
2003,Aguascalientes,40,253819,15.75926152
2003,Baja California,105,667775,15.72385908
2003,Baja California Sur,27,120469,22.41240485
2003,Campeche,15,177302,8.460141454
2003,Coahuila de Zaragoza,130,634169,20.49926755
2003,Colima,24,145576,16.48623399
2003,Chiapas,79,928218,8.510931699
2003,Chihuahua,172,801007,21.4729709
2003,Distrito Federal,602,2711403,22.20252762
2003,Durango,44,369278,11.91514252
2003,Guanajuato,149,1245486,11.96320151
2003,Guerrero,76,751353,10.11508572
2003,Hidalgo,74,616358,12.00600949
2003,Jalisco,336,1685892,19.93010228
2003,México,461,3456473,13.33729498
2003,Michoacán de Ocampo,124,1026127,12.08427417
2003,Morelos,66,432366,15.26484506
2003,Nayarit,40,239946,16.67041751
2003,Nuevo León,186,1086715,17.11580313
2003,Oaxaca,86,909168,9.45919786
2003,Puebla,144,1312246,10.97355222
2003,Querétaro de Arteaga,49,391138,12.52754782
2003,Quintana Roo,14,227491,6.154089612
2003,San Luis Potosí,53,594174,8.919946009
2003,Sinaloa,111,656498,16.90789614
2003,Sonora,110,602960,18.24333289
2003,Tabasco,38,481204,7.896858713
2003,Tamaulipas,129,770669,16.73870365
2003,Tlaxcala,27,257843,10.47148846
2003,Veracruz Llave,245,1914772,12.79525709
2003,Yucatán,49,451349,10.85634398
2003,Zacatecas,56,345346,16.21562143
2003,Nacional,3861,26264590,14.70040081
2004,Aguascalientes,42,261627,16.05338899
2004,Baja California,120,694550,17.27737384
2004,Baja California Sur,23,126384,18.19850614
2004,Campeche,20,183589,10.89389887
2004,Coahuila de Zaragoza,117,651917,17.94706995
2004,Colima,25,150045,16.66166817
2004,Chiapas,71,958889,7.404402387
2004,Chihuahua,171,824421,20.74182972
2004,Distrito Federal,575,2746613,20.93487506
2004,Durango,48,377904,12.70163851
2004,Guanajuato,207,1275899,16.22385471
2004,Guerrero,80,765040,10.45696957
2004,Hidalgo,72,632066,11.39121547
2004,Jalisco,349,1728425,20.19179311
2004,México,535,3573403,14.97172303
2004,Michoacán de Ocampo,128,1046088,12.23606427
2004,Morelos,70,443006,15.80114039
2004,Nayarit,40,246417,16.23264629
2004,Nuevo León,212,1120636,18.9178288
2004,Oaxaca,85,926625,9.173074329
2004,Puebla,141,1346514,10.47148414
2004,Querétaro de Arteaga,63,405203,15.54776248
2004,Quintana Roo,11,241696,4.55117172
2004,San Luis Potosí,66,606520,10.88175163
2004,Sinaloa,119,673210,17.6765051
2004,Sonora,134,620969,21.57917706
2004,Tabasco,57,496832,11.47269097
2004,Tamaulipas,160,794840,20.12983745
2004,Tlaxcala,29,266198,10.89414646
2004,Veracruz Llave,268,1951649,13.73197742
2004,Yucatán,67,464356,14.42858496
2004,Zacatecas,45,351815,12.79081335
2004,Nacional,4150,26953346,15.3969752
2005,Aguascalientes,50,269192,18.57410324
2005,Baja California,126,720573,17.48608399
2005,Baja California Sur,25,132453,18.87461968
2005,Campeche,22,189896,11.58528879
2005,Coahuila de Zaragoza,113,669180,16.8863385
2005,Colima,26,154589,16.81879047
2005,Chiapas,76,989137,7.683465486
2005,Chihuahua,175,846854,20.66471907
2005,Distrito Federal,626,2778649,22.52893403
2005,Durango,56,386762,14.47918875
2005,Guanajuato,159,1303599,12.1970023
2005,Guerrero,76,778395,9.763680394
2005,Hidalgo,82,647530,12.66350594
2005,Jalisco,393,1771704,22.18203492
2005,México,514,3690010,13.92950155
2005,Michoacán de Ocampo,127,1065700,11.91704983
2005,Morelos,63,453727,13.88500133
2005,Nayarit,41,253246,16.18979174
2005,Nuevo León,239,1154377,20.7038082
2005,Oaxaca,79,941704,8.389047939
2005,Puebla,136,1378280,9.867370926
2005,Querétaro de Arteaga,64,418615,15.28851092
2005,Quintana Roo,10,256158,3.903840598
2005,San Luis Potosí,71,618906,11.47185518
2005,Sinaloa,129,689928,18.69760323
2005,Sonora,129,638414,20.2063238
2005,Tabasco,59,512307,11.51653208
2005,Tamaulipas,163,818298,19.91939367
2005,Tlaxcala,25,274093,9.12099178
2005,Veracruz Llave,258,1987459,12.98139987
2005,Yucatán,44,477219,9.220085537
2005,Zacatecas,49,358463,13.66947216
2005,Nacional,4205,27625417,15.22148969
2006,Aguascalientes,37,276830,13.36560344
2006,Baja California,129,746169,17.28830868
2006,Baja California Sur,32,138719,23.06821704
2006,Campeche,30,196245,15.28701368
2006,Coahuila de Zaragoza,123,686158,17.92590045
2006,Colima,32,159420,20.07276377
2006,Chiapas,86,1019244,8.437626319
2006,Chihuahua,193,868924,22.21137867
2006,Distrito Federal,611,2808236,21.75743064
2006,Durango,64,396256,16.151175
2006,Guanajuato,194,1331036,14.57511292
2006,Guerrero,84,792345,10.60144255
2006,Hidalgo,79,663469,11.90711246
2006,Jalisco,425,1817472,23.38412916
2006,México,518,3807853,13.60346631
2006,Michoacán de Ocampo,164,1086907,15.08868744
2006,Morelos,67,465041,14.40733183
2006,Nayarit,40,260674,15.34483685
2006,Nuevo León,237,1188198,19.94617059
2006,Oaxaca,93,955601,9.732095299
2006,Puebla,155,1408837,11.00198249
2006,Querétaro de Arteaga,74,431779,17.13839719
2006,Quintana Roo,22,270894,8.121257761
2006,San Luis Potosí,94,632008,14.87322945
2006,Sinaloa,127,706961,17.96421585
2006,Sonora,119,655548,18.15275159
2006,Tabasco,47,527651,8.90740281
2006,Tamaulipas,168,841397,19.96679332
2006,Tlaxcala,29,281691,10.2949686
2006,Veracruz Llave,280,2023319,13.83864828
2006,Yucatán,48,490041,9.795098777
2006,Zacatecas,39,365967,10.65669855
2006,Nacional,4440,28300890,15.68855255
2007,Aguascalientes,49,284847,17.20221733
2007,Baja California,148,771789,19.17622563
2007,Baja California Sur,34,145341,23.39326136
2007,Campeche,13,202674,6.41424159
2007,Coahuila de Zaragoza,160,703100,22.75636467
2007,Colima,37,164492,22.49349512
2007,Chiapas,80,1050822,7.613087659
2007,Chihuahua,191,891034,21.43577013
2007,Distrito Federal,623,2835879,21.96849725
2007,Durango,71,405948,17.48992482
2007,Guanajuato,201,1362108,14.75653913
2007,Guerrero,84,807515,10.40228355
2007,Hidalgo,70,680718,10.28325973
2007,Jalisco,345,1864409,18.50452342
2007,México,544,3927064,13.85258809
2007,Michoacán de Ocampo,160,1109791,14.41712899
2007,Morelos,82,476576,17.20606997
2007,Nayarit,39,268468,14.52687099
2007,Nuevo León,261,1221776,21.36234465
2007,Oaxaca,94,972427,9.66653538
2007,Puebla,202,1442463,14.0038254
2007,Querétaro de Arteaga,59,446019,13.22813602
2007,Quintana Roo,28,286157,9.784838393
2007,San Luis Potosí,101,645913,15.6367808
2007,Sinaloa,114,723792,15.75038133
2007,Sonora,134,673165,19.90596659
2007,Tabasco,48,543191,8.836670711
2007,Tamaulipas,169,864309,19.5531922
2007,Tlaxcala,40,289826,13.80138428
2007,Veracruz Llave,292,2061194,14.16654619
2007,Yucatán,46,503127,9.142820799
2007,Zacatecas,62,373888,16.58250599
2007,Nacional,4581,28999822,15.79664868
2008,Aguascalientes,69,293185,23.53462831
2008,Baja California,153,797191,19.19238928
2008,Baja California Sur,34,152261,22.33007796
2008,Campeche,19,209169,9.083564008
2008,Coahuila de Zaragoza,136,720096,18.88637071
2008,Colima,27,169834,15.89787675
2008,Chiapas,111,1083289,10.24657317
2008,Chihuahua,225,913054,24.64257317
2008,Distrito Federal,659,2861805,23.027425
2008,Durango,65,416033,15.62376062
2008,Guanajuato,193,1395518,13.82999001
2008,Guerrero,86,823848,10.43881881
2008,Hidalgo,75,699058,10.72872351
2008,Jalisco,386,1913155,20.17609655
2008,México,597,4047590,14.74951761
2008,Michoacán de Ocampo,174,1134443,15.33792354
2008,Morelos,77,488499,15.76257065
2008,Nayarit,40,276750,14.45347787
2008,Nuevo León,291,1255340,23.18097089
2008,Oaxaca,103,990870,10.39490549
2008,Puebla,181,1477811,12.24784495
2008,Querétaro de Arteaga,56,460898,12.15019375
2008,Quintana Roo,24,301839,7.951258784
2008,San Luis Potosí,109,660684,16.49805353
2008,Sinaloa,114,740688,15.39109585
2008,Sonora,169,691014,24.45681274
2008,Tabasco,67,558781,11.99038622
2008,Tamaulipas,144,887003,16.2344434
2008,Tlaxcala,36,298265,12.0698037
2008,Veracruz Llave,284,2100801,13.51865312
2008,Yucatán,37,516425,7.164641526
2008,Zacatecas,61,382479,15.94858803
2008,Nacional,4802,29717676,16.15873327
2009,Aguascalientes,50,301663,16.5747871
2009,Baja California,161,822052,19.58513573
2009,Baja California Sur,33,159437,20.69783049
2009,Campeche,26,215728,12.0522139
2009,Coahuila de Zaragoza,152,737140,20.62023496
2009,Colima,32,175435,18.24037393
2009,Chiapas,112,1116371,10.03250711
2009,Chihuahua,210,934584,22.46989035
2009,Distrito Federal,664,2885432,23.01215208
2009,Durango,53,426300,12.43255923
2009,Guanajuato,198,1429415,13.8518205
2009,Guerrero,94,840878,11.17879169
2009,Hidalgo,91,717901,12.67584249
2009,Jalisco,377,1962864,19.20662868
2009,México,570,4168583,13.67371119
2009,Michoacán de Ocampo,209,1159574,18.02386049
2009,Morelos,63,500529,12.58668329
2009,Nayarit,47,285487,16.46309639
2009,Nuevo León,278,1288727,21.57167499
2009,Oaxaca,73,1009860,7.228724774
2009,Puebla,194,1513604,12.81709086
2009,Querétaro de Arteaga,85,476001,17.85710534
2009,Quintana Roo,22,317798,6.922636392
2009,San Luis Potosí,104,675954,15.38566234
2009,Sinaloa,147,757632,19.40255955
2009,Sonora,134,708961,18.90089864
2009,Tabasco,66,574344,11.49137103
2009,Tamaulipas,173,909170,19.02834453
2009,Tlaxcala,40,306766,13.03925468
2009,Veracruz Llave,320,2141729,14.94119938
2009,Yucatán,63,529904,11.88894592
2009,Zacatecas,52,391311,13.28866298
2009,Nacional,4893,30441134,16.07364561
2010,Aguascalientes,45,309974,14.51734662
2010,Baja California,163,845911,19.26916661
2010,Baja California Sur,31,166937,18.56987966
2010,Campeche,26,222280,11.69695879
2010,Coahuila de Zaragoza,157,753946,20.82377252
2010,Colima,38,181089,20.98415696
2010,Chiapas,127,1149889,11.0445443
2010,Chihuahua,187,954638,19.58857703
2010,Distrito Federal,669,2906395,23.0182064
2010,Durango,61,436416,13.97748937
2010,Guanajuato,191,1462482,13.0599898
2010,Guerrero,108,857789,12.59050885
2010,Hidalgo,77,736563,10.45395981
2010,Jalisco,407,2011694,20.23170522
2010,México,615,4288242,14.34154136
2010,Michoacán de Ocampo,191,1183621,16.13692221
2010,Morelos,86,512247,16.78877573
2010,Nayarit,41,294400,13.92663043
2010,Nuevo León,300,1321595,22.69984375
2010,Oaxaca,88,1028727,8.554261723
2010,Puebla,174,1548950,11.23341619
2010,Querétaro de Arteaga,78,490983,15.88649709
2010,Quintana Roo,24,334081,7.183886542
2010,San Luis Potosí,112,691059,16.20700982
2010,Sinaloa,137,774162,17.69655447
2010,Sonora,164,726692,22.56802056
2010,Tabasco,81,589772,13.73412098
2010,Tamaulipas,180,930343,19.34770294
2010,Tlaxcala,34,315192,10.78707581
2010,Veracruz Llave,321,2183110,14.70379413
2010,Yucatán,59,543465,10.85626489
2010,Zacatecas,62,399750,15.50969356
2010,Nacional,5034,31152394,16.15927174
2011,Aguascalientes,59,318197,18.54197243
2011,Baja California,166,869472,19.09204667
2011,Baja California Sur,39,174676,22.32705123
2011,Campeche,22,228805,9.615174494
2011,Coahuila de Zaragoza,177,770370,22.97597258
2011,Colima,41,186675,21.96330521
2011,Chiapas,139,1183729,11.74255256
2011,Chihuahua,233,973856,23.92550849
2011,Distrito Federal,683,2925719,23.34468895
2011,Durango,65,446387,14.56135595
2011,Guanajuato,240,1495739,16.04558014
2011,Guerrero,93,874210,10.63817618
2011,Hidalgo,100,755033,13.24445422
2011,Jalisco,456,2059556,22.1406944
2011,México,619,4407547,14.04409301
2011,Michoacán de Ocampo,181,1207109,14.9945034
2011,Morelos,90,523806,17.18193377
2011,Nayarit,44,303283,14.50790186
2011,Nuevo León,274,1354069,20.23530559
2011,Oaxaca,88,1047348,8.402173872
2011,Puebla,181,1584070,11.42626273
2011,Querétaro de Arteaga,71,505978,14.03223065
2011,Quintana Roo,25,350617,7.130287465
2011,San Luis Potosí,114,705823,16.15135806
2011,Sinaloa,120,790231,15.18543312
2011,Sonora,147,744164,19.7537102
2011,Tabasco,70,605045,11.5693874
2011,Tamaulipas,178,950990,18.71733667
2011,Tlaxcala,33,323566,10.1988466
2011,Veracruz Llave,331,2223957,14.88338129
2011,Yucatán,74,557054,13.28416994
2011,Zacatecas,53,407938,12.99217038
2011,Nacional,5206,31855019,16.34279358
2012,Aguascalientes,69,326549,21.13006011
2012,Baja California,180,893604,20.14315066
2012,Baja California Sur,36,182452,19.73121698
2012,Campeche,21,235326,8.923790826
2012,Coahuila de Zaragoza,187,786639,23.77202249
2012,Colima,44,192297,22.8812722
2012,Chiapas,149,1217561,12.23757988
2012,Chihuahua,206,993180,20.74145673
2012,Distrito Federal,668,2944074,22.68964707
2012,Durango,83,456244,18.19202006
2012,Guanajuato,252,1529162,16.47961432
2012,Guerrero,101,890389,11.34335667
2012,Hidalgo,107,773627,13.83095471
2012,Jalisco,468,2107579,22.20557331
2012,México,654,4527957,14.44360006
2012,Michoacán de Ocampo,207,1230736,16.81920412
2012,Morelos,105,535561,19.60560982
2012,Nayarit,50,312152,16.01783746
2012,Nuevo León,302,1386527,21.78103997
2012,Oaxaca,89,1065627,8.351890483
2012,Puebla,208,1619439,12.84395399
2012,Querétaro de Arteaga,89,521101,17.07922265
2012,Quintana Roo,35,367314,9.528632178
2012,San Luis Potosí,107,720601,14.84871656
2012,Sinaloa,166,806021,20.5949969
2012,Sonora,173,761735,22.71131036
2012,Tabasco,78,620290,12.57476342
2012,Tamaulipas,178,971701,18.31839218
2012,Tlaxcala,42,331933,12.65315591
2012,Veracruz Llave,383,2264286,16.91482436
2012,Yucatán,71,570627,12.44245365
2012,Zacatecas,75,416112,18.02399354
2012,Nacional,5583,32558403,17.14764695
2013,Aguascalientes,55,334995,16.41815549
2013,Baja California,178,918083,19.38822525
2013,Baja California Sur,34,190366,17.8603322
2013,Campeche,25,241875,10.33591731
2013,Coahuila de Zaragoza,194,803047,24.15798826
2013,Colima,42,197971,21.21522849
2013,Chiapas,148,1251132,11.8292874
2013,Chihuahua,202,1012176,19.95700353
2013,Distrito Federal,571,2961250,19.28239764
2013,Durango,69,466006,14.80667631
2013,Guanajuato,275,1561571,17.61047048
2013,Guerrero,93,906735,10.25657993
2013,Hidalgo,104,792343,13.12562867
2013,Jalisco,476,2155725,22.0807385
2013,México,597,4648569,12.8426619
2013,Michoacán de Ocampo,170,1254150,13.55499741
2013,Morelos,82,547472,14.97793494
2013,Nayarit,40,320983,12.46171916
2013,Nuevo León,318,1418995,22.41022696
2013,Oaxaca,97,1083761,8.950312846
2013,Puebla,227,1655087,13.7152911
2013,Querétaro de Arteaga,90,536332,16.78065079
2013,Quintana Roo,41,384215,10.67110862
2013,San Luis Potosí,97,735392,13.19024411
2013,Sinaloa,160,821632,19.47343823
2013,Sonora,176,779506,22.57840222
2013,Tabasco,77,635499,12.11646281
2013,Tamaulipas,207,992431,20.85787324
2013,Tlaxcala,45,340359,13.22133394
2013,Veracruz Llave,353,2304554,15.31749744
2013,Yucatán,80,584269,13.69232323
2013,Zacatecas,82,424179,19.33146148
2013,Nacional,5405,33260660,16.25042919
