Periodo,Entidad de Residencia,Defunciones por Enfermedades Cardiovasculares,Poblacion Total,Tasa de Mortalidad por Enfermedades Cardiovasculares
1990,Aguascalientes,731,824227,88.68915966
1990,Baja California,1911,1732550,110.299847
1990,Baja California Sur,270,339387,79.55519805
1990,Campeche,456,553106,82.44350992
1990,Coahuila de Zaragoza,2299,2005016,114.6624266
1990,Colima,488,473115,103.1461695
1990,Chiapas,2004,3314875,60.45476828
1990,Chihuahua,3265,2408000,135.589701
1990,Distrito Federal,10380,8695562,119.3712379
1990,Durango,1377,1389199,99.12186807
1990,Guanajuato,4068,4657092,87.35064714
1990,Guerrero,1437,3021955,47.55199862
1990,Hidalgo,1825,2207154,82.6856667
1990,Jalisco,6761,5765386,117.2688177
1990,México,7280,10083763,72.19527075
1990,Michoacán de Ocampo,3505,3978777,88.09239623
1990,Morelos,1243,1397700,88.93181656
1990,Nayarit,890,851666,104.5010603
1990,Nuevo León,3964,3236128,122.4920646
1990,Oaxaca,2735,3361672,81.35832407
1990,Puebla,4133,4494848,91.94971665
1990,Querétaro de Arteaga,927,1245271,74.44162757
1990,Quintana Roo,190,574852,33.05198555
1990,San Luis Potosí,2249,2202098,102.129878
1990,Sinaloa,2206,2215227,99.58347384
1990,Sonora,2313,1858664,124.4442245
1990,Tabasco,1357,1637553,82.86754688
1990,Tamaulipas,2836,2252956,125.8790673
1990,Tlaxcala,728,817427,89.05994052
1990,Veracruz Llave,6395,6615976,96.6599637
1990,Yucatán,1830,1444723,126.6678803
1990,Zacatecas,1474,1408922,104.6189924
1990,Nacional,83527,87064847,95.93653797
1991,Aguascalientes,694,844162,82.21170818
1991,Baja California,2116,1815903,116.5260479
1991,Baja California Sur,295,351246,83.98672156
1991,Campeche,449,568384,78.9958901
1991,Coahuila de Zaragoza,2216,2042564,108.4910926
1991,Colima,531,483048,109.9269638
1991,Chiapas,2057,3395180,60.58588941
1991,Chihuahua,3529,2465322,143.1456013
1991,Distrito Federal,10865,8738833,124.3301022
1991,Durango,1360,1402493,96.97018096
1991,Guanajuato,4460,4718814,94.51527439
1991,Guerrero,1503,3049039,49.29422024
1991,Hidalgo,1675,2227905,75.18273894
1991,Jalisco,6720,5861907,114.6384615
1991,México,7656,10403594,73.58995363
1991,Michoacán de Ocampo,3580,4015276,89.15949987
1991,Morelos,1289,1423487,90.55228464
1991,Nayarit,870,862823,100.8318044
1991,Nuevo León,3858,3308191,116.6196269
1991,Oaxaca,2973,3396857,87.52208291
1991,Puebla,4244,4575107,92.76285779
1991,Querétaro de Arteaga,925,1277558,72.40375779
1991,Quintana Roo,227,610571,37.17831341
1991,San Luis Potosí,2129,2227649,95.57160935
1991,Sinaloa,2303,2251748,102.2760984
1991,Sonora,2457,1901710,129.1995099
1991,Tabasco,1385,1675650,82.65449229
1991,Tamaulipas,2710,2300861,117.7819955
1991,Tlaxcala,757,836761,90.46788749
1991,Veracruz Llave,6319,6709491,94.18002051
1991,Yucatán,1861,1474038,126.2518334
1991,Zacatecas,1450,1414769,102.4902299
1991,Nacional,85463,88630941,96.42569405
1992,Aguascalientes,753,863697,87.1833525
1992,Baja California,2023,1895648,106.7181249
1992,Baja California Sur,308,363307,84.77678657
1992,Campeche,516,583930,88.36675629
1992,Coahuila de Zaragoza,2339,2080707,112.4137132
1992,Colima,540,492181,109.7157347
1992,Chiapas,2157,3476913,62.03779042
1992,Chihuahua,3521,2521954,139.613966
1992,Distrito Federal,10921,8772275,124.4945011
1992,Durango,1498,1415393,105.8363296
1992,Guanajuato,4428,4777030,92.69357739
1992,Guerrero,1549,3075833,50.36034141
1992,Hidalgo,1830,2248684,81.38093214
1992,Jalisco,6983,5951246,117.3367728
1992,México,7931,10706626,74.07562382
1992,Michoacán de Ocampo,3683,4047191,91.00138837
1992,Morelos,1279,1448069,88.32452045
1992,Nayarit,907,873510,103.8339573
1992,Nuevo León,3859,3378692,114.2157971
1992,Oaxaca,3051,3433323,88.86434513
1992,Puebla,4138,4654771,88.89803602
1992,Querétaro de Arteaga,998,1309252,76.22673099
1992,Quintana Roo,235,645180,36.42394371
1992,San Luis Potosí,2230,2251877,99.02849934
1992,Sinaloa,2157,2286742,94.32633852
1992,Sonora,2582,1944455,132.7878506
1992,Tabasco,1360,1711673,79.4544285
1992,Tamaulipas,2669,2350664,113.5423863
1992,Tlaxcala,771,856069,90.06283372
1992,Veracruz Llave,6414,6793533,94.41331926
1992,Yucatán,1837,1502887,122.2314119
1992,Zacatecas,1522,1419273,107.2380014
1992,Nacional,86989,90132585,96.51226579
1993,Aguascalientes,759,882995,85.95745163
1993,Baja California,2045,1976271,103.4777113
1993,Baja California Sur,312,375535,83.08147044
1993,Campeche,481,599335,80.25561664
1993,Coahuila de Zaragoza,2473,2119320,116.6883717
1993,Colima,539,500880,107.6106053
1993,Chiapas,2231,3559521,62.67697255
1993,Chihuahua,3400,2578946,131.8368046
1993,Distrito Federal,11098,8801777,126.0881751
1993,Durango,1459,1427650,102.1959164
1993,Guanajuato,4388,4833834,90.77680367
1993,Guerrero,1691,3100542,54.53885159
1993,Hidalgo,1921,2268750,84.67217631
1993,Jalisco,7057,6036556,116.9044071
1993,México,8321,11004587,75.61392354
1993,Michoacán de Ocampo,3801,4075275,93.26977934
1993,Morelos,1372,1471328,93.24909198
1993,Nayarit,924,883537,104.5796611
1993,Nuevo León,3988,3448999,115.6277517
1993,Oaxaca,3616,3468037,104.266477
1993,Puebla,4676,4734278,98.76902032
1993,Querétaro de Arteaga,936,1340778,69.81021467
1993,Quintana Roo,280,680236,41.16218489
1993,San Luis Potosí,2270,2274743,99.79149293
1993,Sinaloa,2435,2320874,104.9173716
1993,Sonora,2731,1987353,137.4189688
1993,Tabasco,1492,1746827,85.41200703
1993,Tamaulipas,2805,2401107,116.8211163
1993,Tlaxcala,798,875468,91.1512471
1993,Veracruz Llave,6477,6871335,94.26115886
1993,Yucatán,2032,1531251,132.7019542
1993,Zacatecas,1468,1422730,103.1819108
1993,Nacional,90276,91600655,98.55388043
1994,Aguascalientes,748,902128,82.91506305
1994,Baja California,2187,2058198,106.2579985
1994,Baja California Sur,352,387994,90.72305242
1994,Campeche,554,614694,90.12614407
1994,Coahuila de Zaragoza,2373,2158403,109.9423972
1994,Colima,532,509258,104.4657129
1994,Chiapas,2322,3644811,63.70700703
1994,Chihuahua,3619,2636937,137.2425659
1994,Distrito Federal,11707,8828375,132.6065103
1994,Durango,1506,1439646,104.6090497
1994,Guanajuato,4459,4889078,91.20329027
1994,Guerrero,1816,3124968,58.11259507
1994,Hidalgo,1948,2288570,85.11865488
1994,Jalisco,7094,6118571,115.9421048
1994,México,8577,11300207,75.90126446
1994,Michoacán de Ocampo,3968,4100535,96.76786078
1994,Morelos,1312,1493515,87.84645618
1994,Nayarit,950,893093,106.3719008
1994,Nuevo León,4256,3519985,120.9096061
1994,Oaxaca,3437,3501881,98.14725286
1994,Puebla,4659,4815366,96.75277019
1994,Querétaro de Arteaga,1080,1372231,78.70394999
1994,Quintana Roo,283,715788,39.53684611
1994,San Luis Potosí,2407,2296679,104.8035011
1994,Sinaloa,2485,2354573,105.5393059
1994,Sonora,2880,2030370,141.8460675
1994,Tabasco,1598,1781609,89.69420339
1994,Tamaulipas,2977,2452645,121.3791641
1994,Tlaxcala,836,895027,93.40500342
1994,Veracruz Llave,6855,6945101,98.70266825
1994,Yucatán,2050,1559473,131.4546645
1994,Zacatecas,1514,1425591,106.2015683
1994,Nacional,93341,93055300,100.3070217
1995,Aguascalientes,749,921048,81.32040893
1995,Baja California,2288,2141231,106.8544216
1995,Baja California Sur,364,400667,90.84851011
1995,Campeche,553,629897,87.79213109
1995,Coahuila de Zaragoza,2562,2197744,116.5740869
1995,Colima,547,517359,105.7292905
1995,Chiapas,2377,3732019,63.69206588
1995,Chihuahua,3594,2695309,133.3427818
1995,Distrito Federal,11753,8853087,132.7559528
1995,Durango,1580,1451581,108.8468367
1995,Guanajuato,4736,4941687,95.83771696
1995,Guerrero,1979,3148736,62.85061688
1995,Hidalgo,2056,2308109,89.07724895
1995,Jalisco,7185,6197229,115.938914
1995,México,9092,11591879,78.43422106
1995,Michoacán de Ocampo,4197,4123078,101.7928839
1995,Morelos,1441,1514605,95.14031711
1995,Nayarit,1061,902312,117.5868214
1995,Nuevo León,4363,3591906,121.467544
1995,Oaxaca,3508,3535280,99.22834966
1995,Puebla,4891,4895089,99.9164673
1995,Querétaro de Arteaga,1119,1403630,79.72186402
1995,Quintana Roo,323,751792,42.96401132
1995,San Luis Potosí,2488,2317524,107.355954
1995,Sinaloa,2669,2387913,111.7712412
1995,Sonora,2796,2073741,134.8287949
1995,Tabasco,1600,1816022,88.10465953
1995,Tamaulipas,3094,2505876,123.4697966
1995,Tlaxcala,864,914661,94.46122662
1995,Veracruz Llave,6999,7013920,99.78728015
1995,Yucatán,2220,1587453,139.84666
1995,Zacatecas,1789,1427952,125.2843233
1995,Nacional,96837,94490336,102.4834963
1996,Aguascalientes,785,939507,83.55445995
1996,Baja California,2350,2224286,105.6518811
1996,Baja California Sur,368,413575,88.98023333
1996,Campeche,564,644818,87.46654095
1996,Coahuila de Zaragoza,2753,2237025,123.0652317
1996,Colima,551,524947,104.9629772
1996,Chiapas,2570,3819739,67.28208393
1996,Chihuahua,3813,2753282,138.4892648
1996,Distrito Federal,11801,8875396,132.9630813
1996,Durango,1610,1462829,110.0607111
1996,Guanajuato,4682,4990233,93.82327438
1996,Guerrero,2025,3170156,63.87698271
1996,Hidalgo,2060,2326530,88.54388295
1996,Jalisco,7408,6270725,118.1362602
1996,México,9184,11876981,77.32604776
1996,Michoacán de Ocampo,4434,4140754,107.0819469
1996,Morelos,1374,1533870,89.57734358
1996,Nayarit,1069,910767,117.3735983
1996,Nuevo León,4420,3663689,120.643428
1996,Oaxaca,3730,3566944,104.5713081
1996,Puebla,5018,4969986,100.9660792
1996,Querétaro de Arteaga,1132,1434671,78.9031074
1996,Quintana Roo,325,788218,41.23224793
1996,San Luis Potosí,2608,2336411,111.6241963
1996,Sinaloa,2782,2420265,114.9460906
1996,Sonora,2960,2117226,139.8055758
1996,Tabasco,1652,1849738,89.30994552
1996,Tamaulipas,3288,2560332,128.4208454
1996,Tlaxcala,801,934238,85.73832364
1996,Veracruz Llave,7701,7075631,108.8383495
1996,Yucatán,2119,1614983,131.2088115
1996,Zacatecas,1684,1428912,117.8519041
1996,Nacional,99621,95876664,103.9053674
1997,Aguascalientes,837,957443,87.42034774
1997,Baja California,2513,2306424,108.9565492
1997,Baja California Sur,379,426653,88.83097037
1997,Campeche,528,659417,80.07072914
1997,Coahuila de Zaragoza,2824,2276268,124.0627202
1997,Colima,600,531965,112.7893752
1997,Chiapas,2639,3907302,67.54021061
1997,Chihuahua,4064,2810765,144.5869719
1997,Distrito Federal,11877,8895216,133.5212096
1997,Durango,1590,1472961,107.9458316
1997,Guanajuato,4658,5034272,92.52579122
1997,Guerrero,2226,3188433,69.8148589
1997,Hidalgo,2088,2343436,89.09993702
1997,Jalisco,7322,6338294,115.5200437
1997,México,9461,12154856,77.8372035
1997,Michoacán de Ocampo,4505,4152556,108.4873991
1997,Morelos,1457,1550963,93.94163497
1997,Nayarit,1086,918289,118.2634225
1997,Nuevo León,4723,3735127,126.448177
1997,Oaxaca,3671,3596113,102.0824429
1997,Puebla,5236,5042096,103.8457023
1997,Querétaro de Arteaga,1116,1465233,76.16536073
1997,Quintana Roo,329,825084,39.87472791
1997,San Luis Potosí,2471,2352995,105.0150978
1997,Sinaloa,2777,2451312,113.2862728
1997,Sonora,3119,2160460,144.3674032
1997,Tabasco,1584,1882554,84.14101269
1997,Tamaulipas,3258,2615528,124.5637592
1997,Tlaxcala,887,953724,93.00384598
1997,Veracruz Llave,8011,7128785,112.3753908
1997,Yucatán,1995,1642042,121.4950653
1997,Zacatecas,1715,1428038,120.0948434
1997,Nacional,101546,97204604,104.4662452
1998,Aguascalientes,828,974940,84.92830328
1998,Baja California,2445,2387650,102.4019433
1998,Baja California Sur,393,439911,89.33625211
1998,Campeche,558,673672,82.82962629
1998,Coahuila de Zaragoza,2753,2315412,118.898926
1998,Colima,555,538560,103.0525847
1998,Chiapas,2580,3994325,64.59163939
1998,Chihuahua,4150,2868346,144.6826847
1998,Distrito Federal,11764,8912913,131.9882736
1998,Durango,1564,1482259,105.5146233
1998,Guanajuato,4580,5074849,90.24899066
1998,Guerrero,2052,3204303,64.03888771
1998,Hidalgo,2160,2359558,91.54256857
1998,Jalisco,7234,6401411,113.0063356
1998,México,9490,12424077,76.38394385
1998,Michoacán de Ocampo,4204,4160121,101.054753
1998,Morelos,1460,1566306,93.21294817
1998,Nayarit,1166,925239,126.0214928
1998,Nuevo León,4473,3806709,117.5030716
1998,Oaxaca,3504,3623477,96.70269744
1998,Puebla,4514,5113198,88.28134565
1998,Querétaro de Arteaga,1164,1495409,77.8382369
1998,Quintana Roo,336,862418,38.96022578
1998,San Luis Potosí,2410,2367678,101.7874897
1998,Sinaloa,2704,2481249,108.9773739
1998,Sonora,2898,2203557,131.5146375
1998,Tabasco,1642,1914591,85.76244221
1998,Tamaulipas,3025,2671744,113.2219255
1998,Tlaxcala,847,973084,87.04284522
1998,Veracruz Llave,7857,7173835,109.5230097
1998,Yucatán,2214,1668680,132.6797229
1998,Zacatecas,1668,1425943,116.9752227
1998,Nacional,99192,98485424,100.7174422
1999,Aguascalientes,847,991858,85.39528844
1999,Baja California,2577,2469220,104.3649412
1999,Baja California Sur,417,453340,91.98394141
1999,Campeche,529,687422,76.95418535
1999,Coahuila de Zaragoza,2548,2354430,108.2215228
1999,Colima,591,544150,108.6097583
1999,Chiapas,2430,4083410,59.50908677
1999,Chihuahua,3969,2926998,135.5996827
1999,Distrito Federal,12080,8928176,135.3019923
1999,Durango,1480,1488305,99.44198266
1999,Guanajuato,4598,5114053,89.90911905
1999,Guerrero,1958,3215867,60.88560255
1999,Hidalgo,2060,2374982,86.73749948
1999,Jalisco,7441,6452167,115.3255953
1999,México,9718,12678984,76.64651994
1999,Michoacán de Ocampo,4216,4158671,101.3785414
1999,Morelos,1512,1577729,95.83394867
1999,Nayarit,1032,930087,110.9573621
1999,Nuevo León,4431,3876894,114.2925239
1999,Oaxaca,3407,3654932,93.21650854
1999,Puebla,4595,5188507,88.56112173
1999,Querétaro de Arteaga,1066,1527014,69.8094451
1999,Quintana Roo,414,900778,45.9602699
1999,San Luis Potosí,2402,2378237,100.9991855
1999,Sinaloa,2611,2508118,104.1019601
1999,Sonora,2849,2247827,126.7446294
1999,Tabasco,1535,1946169,78.87290364
1999,Tamaulipas,3070,2729528,112.4736584
1999,Tlaxcala,782,993724,78.69388281
1999,Veracruz Llave,7430,7209103,103.0641399
1999,Yucatán,1974,1695601,116.4188981
1999,Zacatecas,1572,1419786,110.7209115
1999,Nacional,98141,99706067,98.43031919
2000,Aguascalientes,776,1008447,76.95000332
2000,Baja California,2648,2549842,103.8495719
2000,Baja California Sur,401,466455,85.96756386
2000,Campeche,546,700708,77.92118828
2000,Coahuila de Zaragoza,2677,2393756,111.8326179
2000,Colima,628,550291,114.1214376
2000,Chiapas,2318,4164853,55.65622604
2000,Chihuahua,3938,2987927,131.797062
2000,Distrito Federal,12044,8944935,134.6460315
2000,Durango,1361,1497613,90.87795045
2000,Guanajuato,4428,5143766,86.08478691
2000,Guerrero,2012,3226387,62.36077693
2000,Hidalgo,1882,2390284,78.73541387
2000,Jalisco,7223,6513479,110.8931187
2000,México,9960,12933002,77.01228222
2000,Michoacán de Ocampo,4106,4162262,98.64828307
2000,Morelos,1398,1592066,87.81042997
2000,Nayarit,1054,936661,112.5273712
2000,Nuevo León,4547,3950061,115.1121464
2000,Oaxaca,3396,3671421,92.49824523
2000,Puebla,4522,5250025,86.13292318
2000,Querétaro de Arteaga,1121,1554518,72.11238467
2000,Quintana Roo,395,938812,42.07445154
2000,San Luis Potosí,2354,2390310,98.48095017
2000,Sinaloa,2653,2537959,104.5328155
2000,Sonora,2806,2289991,122.5332327
2000,Tabasco,1439,1975910,72.82720367
2000,Tamaulipas,3076,2790660,110.2248214
2000,Tlaxcala,766,1011736,75.71145042
2000,Veracruz Llave,7076,7232656,97.83404603
2000,Yucatán,2013,1721303,116.9462901
2000,Zacatecas,1591,1417715,112.2228375
2000,Nacional,97155,100895811,96.29240207
2001,Aguascalientes,798,1025563,77.81091947
2001,Baja California,2681,2627368,102.0412824
2001,Baja California Sur,410,480190,85.38286928
2001,Campeche,554,714008,77.59016706
2001,Coahuila de Zaragoza,2906,2433242,119.4291402
2001,Colima,629,557968,112.7304792
2001,Chiapas,2406,4239830,56.74755827
2001,Chihuahua,4044,3048688,132.647224
2001,Distrito Federal,12121,8961129,135.2619742
2001,Durango,1389,1511810,91.87662471
2001,Guanajuato,4484,5170538,86.72211673
2001,Guerrero,2072,3240532,63.94011847
2001,Hidalgo,1992,2408458,82.70852139
2001,Jalisco,7385,6592401,112.0229185
2001,México,10056,13195345,76.20869329
2001,Michoacán de Ocampo,4153,4176873,99.42844803
2001,Morelos,1500,1611070,93.10582408
2001,Nayarit,994,946927,104.9711329
2001,Nuevo León,4787,4026904,118.8754438
2001,Oaxaca,3276,3677835,89.0741428
2001,Puebla,4551,5301444,85.84453594
2001,Querétaro de Arteaga,1118,1579076,70.80089875
2001,Quintana Roo,389,976468,39.83745499
2001,San Luis Potosí,2336,2407204,97.04204546
2001,Sinaloa,2689,2571178,104.5824132
2001,Sonora,2866,2330502,122.9777962
2001,Tabasco,1613,2004482,80.46966748
2001,Tamaulipas,3175,2852000,111.3253857
2001,Tlaxcala,810,1027495,78.8325004
2001,Veracruz Llave,7341,7257778,101.1466595
2001,Yucatán,2098,1746077,120.1550676
2001,Zacatecas,1604,1421912,112.8058558
2001,Nacional,99227,102122295,97.16487472
2002,Aguascalientes,922,1043783,88.33253655
2002,Baja California,2748,2702832,101.6711361
2002,Baja California Sur,444,495522,89.60247981
2002,Campeche,543,727546,74.6344561
2002,Coahuila de Zaragoza,2899,2472921,117.2297862
2002,Colima,634,566389,111.9372022
2002,Chiapas,2562,4318948,59.32000107
2002,Chihuahua,4223,3107892,135.8798826
2002,Distrito Federal,12445,8973544,138.6854514
2002,Durango,1552,1525797,101.717332
2002,Guanajuato,4895,5208629,93.97866502
2002,Guerrero,2124,3258145,65.19046881
2002,Hidalgo,2426,2431444,99.77610013
2002,Jalisco,7726,6671656,115.8033328
2002,México,10254,13459745,76.18272114
2002,Michoacán de Ocampo,4407,4193971,105.0794104
2002,Morelos,1550,1629599,95.1154241
2002,Nayarit,1121,958314,116.9762729
2002,Nuevo León,4986,4103482,121.5065644
2002,Oaxaca,3377,3696385,91.359531
2002,Puebla,4661,5364489,86.88618804
2002,Querétaro de Arteaga,1185,1607589,73.71287064
2002,Quintana Roo,449,1015299,44.22342581
2002,San Luis Potosí,2392,2425828,98.60550707
2002,Sinaloa,2993,2602506,115.0045379
2002,Sonora,2964,2373321,124.8882894
2002,Tabasco,1681,2033695,82.65742897
2002,Tamaulipas,3178,2911087,109.1688431
2002,Tlaxcala,836,1045455,79.96518262
2002,Veracruz Llave,7855,7294006,107.6911645
2002,Yucatán,2139,1771733,120.7292521
2002,Zacatecas,1735,1426392,121.6355672
2002,Nacional,103906,103417944,100.4719258
2003,Aguascalientes,896,1062250,84.34925865
2003,Baja California,2795,2775926,100.6871221
2003,Baja California Sur,456,511831,89.09190729
2003,Campeche,603,741113,81.36411047
2003,Coahuila de Zaragoza,3037,2512261,120.8871212
2003,Colima,613,575411,106.532548
2003,Chiapas,2665,4397267,60.6058263
2003,Chihuahua,4254,3165454,134.3883058
2003,Distrito Federal,12725,8982214,141.668858
2003,Durango,1673,1540255,108.6183781
2003,Guanajuato,5098,5247781,97.14582221
2003,Guerrero,2359,3276596,71.99544894
2003,Hidalgo,2366,2456380,96.32060186
2003,Jalisco,7772,6752883,115.0915838
2003,México,10897,13723512,79.40387271
2003,Michoacán de Ocampo,4559,4212077,108.2363879
2003,Morelos,1568,1648428,95.12092733
2003,Nayarit,1048,970986,107.9315253
2003,Nuevo León,5012,4180268,119.8966191
2003,Oaxaca,3452,3715944,92.89698661
2003,Puebla,4879,5428158,89.8831611
2003,Querétaro de Arteaga,1291,1636560,78.88497825
2003,Quintana Roo,484,1054642,45.8923502
2003,San Luis Potosí,2547,2445009,104.1713957
2003,Sinaloa,2975,2633143,112.9828498
2003,Sonora,3200,2416527,132.4214461
2003,Tabasco,1790,2062700,86.77946381
2003,Tamaulipas,3367,2968581,113.4211935
2003,Tlaxcala,828,1063593,77.8493277
2003,Veracruz Llave,8432,7333249,114.9831405
2003,Yucatán,2310,1797323,128.5244778
2003,Zacatecas,1621,1431569,113.2324044
2003,Nacional,107572,104719891,102.7235599
2004,Aguascalientes,863,1079814,79.92117161
2004,Baja California,3080,2845936,108.2244998
2004,Baja California Sur,447,529124,84.4792525
2004,Campeche,649,754622,86.00332352
2004,Coahuila de Zaragoza,2976,2550208,116.6963636
2004,Colima,651,584151,111.4437877
2004,Chiapas,2642,4476586,59.01818931
2004,Chihuahua,4052,3218865,125.8828811
2004,Distrito Federal,13327,8982860,148.3603218
2004,Durango,1678,1551703,108.1392509
2004,Guanajuato,4910,5282560,92.94735886
2004,Guerrero,2269,3291452,68.93614125
2004,Hidalgo,2573,2480424,103.7322651
2004,Jalisco,7313,6823155,107.1791569
2004,México,11209,13978080,80.18984009
2004,Michoacán de Ocampo,4507,4220890,106.7784282
2004,Morelos,1485,1663867,89.24992202
2004,Nayarit,1074,982991,109.2583757
2004,Nuevo León,4987,4254706,117.211389
2004,Oaxaca,3516,3738874,94.03900747
2004,Puebla,4978,5493482,90.61647968
2004,Querétaro de Arteaga,1247,1666361,74.83372451
2004,Quintana Roo,437,1094787,39.91644037
2004,San Luis Potosí,2566,2460435,104.2905015
2004,Sinaloa,2945,2660125,110.7090832
2004,Sonora,3196,2460302,129.9027518
2004,Tabasco,1695,2092064,81.02046591
2004,Tamaulipas,3337,3022458,110.4068278
2004,Tlaxcala,865,1082473,79.90961437
2004,Veracruz Llave,8282,7372393,112.3380156
2004,Yucatán,2030,1823186,111.3435491
2004,Zacatecas,1671,1432635,116.6382226
2004,Nacional,107457,105951569,101.4208671
2005,Aguascalientes,879,1096736,80.14690865
2005,Baja California,3101,2912674,106.4657425
2005,Baja California Sur,464,546776,84.86107657
2005,Campeche,696,768097,90.61355532
2005,Coahuila de Zaragoza,3278,2587518,126.6851091
2005,Colima,618,593827,104.0707142
2005,Chiapas,2711,4549034,59.59507007
2005,Chihuahua,4358,3270309,133.2595788
2005,Distrito Federal,13294,8980415,148.0332479
2005,Durango,1830,1566228,116.8412262
2005,Guanajuato,5164,5307620,97.29407908
2005,Guerrero,2294,3306347,69.38170736
2005,Hidalgo,2574,2504490,102.7754154
2005,Jalisco,7803,6903508,113.0294917
2005,México,11378,14233514,79.9380954
2005,Michoacán de Ocampo,4513,4233917,106.591603
2005,Morelos,1607,1681965,95.5430107
2005,Nayarit,1165,997581,116.7824969
2005,Nuevo León,5403,4330486,124.7665966
2005,Oaxaca,3833,3749560,102.2253278
2005,Puebla,5139,5545664,92.66699173
2005,Querétaro de Arteaga,1401,1692334,82.7850767
2005,Quintana Roo,466,1134284,41.08318552
2005,San Luis Potosí,2701,2477675,109.0134905
2005,Sinaloa,3015,2689158,112.1168782
2005,Sonora,3272,2501653,130.7935193
2005,Tabasco,1856,2120331,87.53350302
2005,Tamaulipas,3512,3075303,114.2001292
2005,Tlaxcala,844,1098660,76.8208545
2005,Veracruz Llave,8585,7409930,115.8580445
2005,Yucatán,2246,1848087,121.5310751
2005,Zacatecas,1715,1437330,119.3184585
2005,Nacional,111715,107151011,104.2593989
2006,Aguascalientes,924,1114099,82.93697418
2006,Baja California,3057,2977440,102.6720941
2006,Baja California Sur,515,565024,91.14657077
2006,Campeche,726,781620,92.88401013
2006,Coahuila de Zaragoza,3072,2625332,117.013772
2006,Colima,686,605061,113.3769984
2006,Chiapas,2934,4616199,63.55878505
2006,Chihuahua,4312,3322439,129.7841736
2006,Distrito Federal,13091,8977954,145.8127319
2006,Durango,1794,1585478,113.1519958
2006,Guanajuato,5145,5333508,96.46559075
2006,Guerrero,2243,3325479,67.44892991
2006,Hidalgo,2628,2531941,103.7938878
2006,Jalisco,7924,7000916,113.1851889
2006,México,11535,14497023,79.56806028
2006,Michoacán de Ocampo,4521,4258725,106.1585334
2006,Morelos,1677,1704544,98.38408395
2006,Nayarit,1129,1015912,111.1316728
2006,Nuevo León,5165,4408836,117.1511029
2006,Oaxaca,3998,3753744,106.5069967
2006,Puebla,4927,5590760,88.12755332
2006,Querétaro de Arteaga,1398,1716842,81.42857642
2006,Quintana Roo,494,1174644,42.05529505
2006,San Luis Potosí,2755,2499894,110.2046727
2006,Sinaloa,3071,2721660,112.8355489
2006,Sonora,3208,2542078,126.1959704
2006,Tabasco,1824,2147091,84.95215154
2006,Tamaulipas,3518,3129386,112.4182188
2006,Tlaxcala,924,1113144,83.00812833
2006,Veracruz Llave,8731,7451476,117.1714168
2006,Yucatán,2224,1872573,118.7670654
2006,Zacatecas,1576,1448005,108.8394032
2006,Nacional,111726,108408827,103.0598735
2007,Aguascalientes,991,1133032,87.46443172
2007,Baja California,3168,3041783,104.1494413
2007,Baja California Sur,561,584639,95.95665017
2007,Campeche,699,795450,87.87478786
2007,Coahuila de Zaragoza,3384,2664019,127.0261211
2007,Colima,639,617146,103.5411394
2007,Chiapas,3108,4688014,66.29673034
2007,Chihuahua,4643,3376544,137.5074633
2007,Distrito Federal,13776,8973450,153.5195493
2007,Durango,1940,1605415,120.8410286
2007,Guanajuato,5498,5377044,102.2494888
2007,Guerrero,2713,3349840,80.98894276
2007,Hidalgo,2919,2565231,113.7909218
2007,Jalisco,8083,7101648,113.8186517
2007,México,12295,14765300,83.26955768
2007,Michoacán de Ocampo,4790,4290259,111.6482711
2007,Morelos,1810,1727522,104.7743531
2007,Nayarit,1208,1035898,116.6137979
2007,Nuevo León,5653,4487206,125.9803985
2007,Oaxaca,4233,3773572,112.1748836
2007,Puebla,5823,5651042,103.0429432
2007,Querétaro de Arteaga,1490,1746996,85.28926225
2007,Quintana Roo,558,1218194,45.80551209
2007,San Luis Potosí,2749,2525095,108.8671911
2007,Sinaloa,3110,2753754,112.9367402
2007,Sonora,3374,2586060,130.468744
2007,Tabasco,1907,2174464,87.69977337
2007,Tamaulipas,3887,3184546,122.0582149
2007,Tlaxcala,954,1130405,84.39453116
2007,Veracruz Llave,9386,7505280,125.0586254
2007,Yucatán,2391,1898633,125.9327105
2007,Zacatecas,1736,1459907,118.9116841
2007,Nacional,119476,109787388,108.8248862
2008,Aguascalientes,1068,1154011,92.54677815
2008,Baja California,3316,3105709,106.7711109
2008,Baja California Sur,560,605343,92.50953592
2008,Campeche,778,809636,96.09256505
2008,Coahuila de Zaragoza,3569,2703905,131.9942823
2008,Colima,731,630606,115.9202418
2008,Chiapas,3275,4762080,68.77246917
2008,Chihuahua,4818,3431517,140.4043751
2008,Distrito Federal,14140,8969421,157.6467422
2008,Durango,2215,1628321,136.0296895
2008,Guanajuato,5877,5437620,108.0803734
2008,Guerrero,2993,3380933,88.52585958
2008,Hidalgo,3146,2605175,120.7596419
2008,Jalisco,8156,7213583,113.0644785
2008,México,13171,15040385,87.57089662
2008,Michoacán de Ocampo,5134,4333681,118.4674183
2008,Morelos,1983,1753157,113.1102349
2008,Nayarit,1257,1058677,118.733098
2008,Nuevo León,5617,4566871,122.9944967
2008,Oaxaca,4512,3804078,118.6095553
2008,Puebla,6094,5722490,106.492104
2008,Querétaro de Arteaga,1698,1780583,95.36202469
2008,Quintana Roo,568,1261970,45.00899387
2008,San Luis Potosí,3023,2555735,118.2829988
2008,Sinaloa,3431,2787098,123.1029551
2008,Sonora,3576,2632192,135.8563509
2008,Tabasco,2077,2202203,94.31464765
2008,Tamaulipas,3980,3239174,122.8708307
2008,Tlaxcala,1023,1149453,88.99885424
2008,Veracruz Llave,9919,7571413,131.0059298
2008,Yucatán,2580,1925861,133.9660547
2008,Zacatecas,1818,1476134,123.1595506
2008,Nacional,126103,111299015,113.3010926
2009,Aguascalientes,1065,1175942,90.56569117
2009,Baja California,3469,3168319,109.4902376
2009,Baja California Sur,633,626900,100.973042
2009,Campeche,772,824071,93.68124834
2009,Coahuila de Zaragoza,3906,2743966,142.3487026
2009,Colima,678,645050,105.1081312
2009,Chiapas,3623,4836326,74.9122371
2009,Chihuahua,4870,3485093,139.7380213
2009,Distrito Federal,14423,8961594,160.9423502
2009,Durango,2491,1650042,150.9658542
2009,Guanajuato,6000,5503354,109.024424
2009,Guerrero,3342,3415204,97.85652629
2009,Hidalgo,3170,2649264,119.6558742
2009,Jalisco,8669,7331993,118.2352465
2009,México,13592,15315644,88.74586012
2009,Michoacán de Ocampo,5430,4381615,123.9269082
2009,Morelos,1953,1779708,109.7371029
2009,Nayarit,1326,1083772,122.3504575
2009,Nuevo León,6318,4646180,135.9826782
2009,Oaxaca,4735,3838339,123.3606516
2009,Puebla,6362,5796436,109.757099
2009,Querétaro de Arteaga,1709,1815459,94.13597333
2009,Quintana Roo,680,1305885,52.07196652
2009,San Luis Potosí,2925,2589037,112.9763692
2009,Sinaloa,3440,2820908,121.9465505
2009,Sonora,3715,2679501,138.6452179
2009,Tabasco,2143,2229667,96.11300701
2009,Tamaulipas,4121,3290198,125.2508208
2009,Tlaxcala,1072,1168846,91.7143918
2009,Veracruz Llave,10365,7646283,135.5560604
2009,Yucatán,2639,1953829,135.068115
2009,Zacatecas,1938,1494169,129.7042035
2009,Nacional,131574,112852594,116.5892562
2010,Aguascalientes,1126,1195787,94.16392719
2010,Baja California,3517,3224844,109.059539
2010,Baja California Sur,625,649616,96.21068447
2010,Campeche,908,836748,108.5153475
2010,Coahuila de Zaragoza,4129,2782013,148.4177105
2010,Colima,706,658910,107.1466513
2010,Chiapas,4060,4903755,82.79369585
2010,Chihuahua,5203,3525273,147.5914064
2010,Distrito Federal,15277,8944599,170.7958065
2010,Durango,2288,1669815,137.021167
2010,Guanajuato,6776,5558502,121.9033473
2010,Guerrero,3609,3444264,104.7829086
2010,Hidalgo,3388,2690086,125.9439289
2010,Jalisco,9211,7442625,123.7600981
2010,México,14451,15571679,92.80309464
2010,Michoacán de Ocampo,5684,4420271,128.589401
2010,Morelos,2072,1803340,114.8979117
2010,Nayarit,1356,1108860,122.287755
2010,Nuevo León,6373,4723273,134.9276233
2010,Oaxaca,5176,3868109,133.8121547
2010,Puebla,6905,5863823,117.7559418
2010,Querétaro de Arteaga,1897,1848191,102.6409067
2010,Quintana Roo,771,1350945,57.0711613
2010,San Luis Potosí,3301,2616459,126.1628789
2010,Sinaloa,3721,2851334,130.5003202
2010,Sonora,4145,2727032,151.9967496
2010,Tabasco,2467,2252641,109.5158971
2010,Tamaulipas,4587,3334664,137.555088
2010,Tlaxcala,1098,1186143,92.56893983
2010,Veracruz Llave,11172,7712247,144.8605056
2010,Yucatán,2858,1980690,144.2931504
2010,Zacatecas,2038,1509019,135.0546282
2010,Nacional,140895,114255557,123.3156651
2011,Aguascalientes,1064,1215094,87.56524187
2011,Baja California,3772,3275399,115.1615422
2011,Baja California Sur,687,672682,102.1284946
2011,Campeche,827,852373,97.02325156
2011,Coahuila de Zaragoza,3888,2818077,137.9664218
2011,Colima,772,672263,114.8360091
2011,Chiapas,4005,4980633,80.41146577
2011,Chihuahua,5316,3559248,149.3573923
2011,Distrito Federal,14985,8928400,167.8352224
2011,Durango,2244,1690418,132.7482315
2011,Guanajuato,6282,5614698,111.8849135
2011,Guerrero,3710,3473454,106.8101089
2011,Hidalgo,3461,2730570,126.7500925
2011,Jalisco,9402,7543233,124.6415164
2011,México,14926,15845558,94.19674586
2011,Michoacán de Ocampo,5590,4458100,125.38974
2011,Morelos,2057,1827187,112.5774209
2011,Nayarit,1391,1132215,122.8565246
2011,Nuevo León,6406,4797263,133.5344758
2011,Oaxaca,5079,3901419,130.1834025
2011,Puebla,6858,5935014,115.5515387
2011,Querétaro de Arteaga,1794,1881105,95.36947698
2011,Quintana Roo,756,1395357,54.17968305
2011,San Luis Potosí,3238,2647570,122.3008268
2011,Sinaloa,3911,2878525,135.8681964
2011,Sonora,4115,2767364,148.6974608
2011,Tabasco,2390,2283140,104.6803963
2011,Tamaulipas,4524,3376515,133.9843004
2011,Tlaxcala,1129,1206291,93.59267374
2011,Veracruz Llave,11053,7791801,141.8542388
2011,Yucatán,2764,2009160,137.5699297
2011,Zacatecas,1960,1522741,128.7152576
2011,Nacional,140356,115682867,121.3282517
2012,Aguascalientes,1170,1233921,94.81968457
2012,Baja California,3784,3328623,113.6806421
2012,Baja California Sur,715,695409,102.817191
2012,Campeche,883,866375,101.918915
2012,Coahuila de Zaragoza,3978,2854334,139.3670117
2012,Colima,804,685394,117.3047911
2012,Chiapas,4089,5050568,80.9611909
2012,Chihuahua,5291,3598792,147.0215561
2012,Distrito Federal,15720,8911665,176.3980132
2012,Durango,2264,1709741,132.4177171
2012,Guanajuato,6737,5668181,118.8564726
2012,Guerrero,3829,3499507,109.4154119
2012,Hidalgo,3553,2768973,128.3147217
2012,Jalisco,9549,7644152,124.9190231
2012,México,15605,16106485,96.88644046
2012,Michoacán de Ocampo,5591,4494730,124.3901191
2012,Morelos,2259,1850812,122.0545361
2012,Nayarit,1359,1155448,117.6167166
2012,Nuevo León,6262,4868844,128.6136915
2012,Oaxaca,5248,3930833,133.5085973
2012,Puebla,7031,6002161,117.141143
2012,Querétaro de Arteaga,1923,1912803,100.533092
2012,Quintana Roo,839,1440115,58.25923624
2012,San Luis Potosí,3364,2675311,125.7423903
2012,Sinaloa,3596,2905750,123.7546245
2012,Sonora,4151,2809806,147.7326193
2012,Tabasco,2534,2309071,109.7411037
2012,Tamaulipas,4560,3419338,133.3591473
2012,Tlaxcala,1135,1224637,92.68052492
2012,Veracruz Llave,11702,7858604,148.9068542
2012,Yucatán,2954,2036694,145.03897
2012,Zacatecas,2016,1536674,131.1924325
2012,Nacional,144495,117053751,123.4432889
2013,Aguascalientes,1262,1252265,100.7773914
2013,Baja California,4021,3381080,118.9264969
2013,Baja California Sur,738,718196,102.7574645
2013,Campeche,1010,880299,114.7337439
2013,Coahuila de Zaragoza,4122,2890108,142.6244279
2013,Colima,850,698295,121.7250589
2013,Chiapas,4413,5119186,86.20511152
2013,Chihuahua,5698,3635966,156.7121365
2013,Distrito Federal,12946,8893742,145.5630262
2013,Durango,2342,1728429,135.498768
2013,Guanajuato,7226,5719709,126.3350985
2013,Guerrero,3980,3523858,112.9443922
2013,Hidalgo,3734,2806334,133.0561508
2013,Jalisco,10091,7742303,130.3358962
2013,México,15897,16364210,97.14492786
2013,Michoacán de Ocampo,6182,4529914,136.470582
2013,Morelos,1856,1874188,99.02955307
2013,Nayarit,1235,1178403,104.8028561
2013,Nuevo León,6861,4941059,138.8568726
2013,Oaxaca,5414,3959042,136.7502542
2013,Puebla,7459,6067607,122.9314951
2013,Querétaro de Arteaga,2118,1943889,108.9568386
2013,Quintana Roo,858,1484960,57.77933412
2013,San Luis Potosí,3678,2702145,136.1140871
2013,Sinaloa,3935,2932313,134.1944056
2013,Sonora,4313,2851462,151.2557418
2013,Tabasco,2743,2334493,117.498746
2013,Tamaulipas,4990,3461336,144.1639875
2013,Tlaxcala,1194,1242734,96.07848502
2013,Veracruz Llave,12144,7923198,153.2714442
2013,Yucatán,3224,2064151,156.1901237
2013,Zacatecas,2147,1550179,138.5001345
2013,Nacional,148681,118395053,125.5804159
