Periodo,Entidad de Residencia,Defunciones Neonatales Estimadas,Nacimientos,Tasa de Mortalidad Neonatal
1990,Aguascalientes,435,26101,16.65526487
1990,Baja California,603,45300,13.29979748
1990,Baja California Sur,135,8843,15.3210687
1990,Campeche,190,16012,11.78314737
1990,Coahuila de Zaragoza,762,56379,13.46915198
1990,Colima,157,13088,11.97010014
1990,Chiapas,1914,114499,16.71533043
1990,Chihuahua,955,61072,15.63718047
1990,Distrito Federal,2379,186142,12.74771939
1990,Durango,590,40558,14.51244501
1990,Guanajuato,2380,137106,17.35688925
1990,Guerrero,1327,95543,13.72899209
1990,Hidalgo,1050,62553,16.78514039
1990,Jalisco,2395,162264,14.69053006
1990,México,4467,291864,15.25832948
1990,Michoacán de Ocampo,1794,113947,15.73174574
1990,Morelos,535,37204,14.33271527
1990,Nayarit,299,22389,13.35689933
1990,Nuevo León,863,79776,10.80408453
1990,Oaxaca,1710,98740,17.3196574
1990,Puebla,2739,138891,19.71451943
1990,Querétaro de Arteaga,632,39042,16.16738508
1990,Quintana Roo,291,17761,16.36684808
1990,San Luis Potosí,1064,63082,16.84078074
1990,Sinaloa,663,59665,10.72810561
1990,Sonora,582,49986,11.64143022
1990,Tabasco,710,50025,14.20123272
1990,Tamaulipas,772,58270,13.21615762
1990,Tlaxcala,457,25233,18.11939539
1990,Veracruz Llave,3021,178112,16.94597117
1990,Yucatán,576,41781,13.75277458
1990,Zacatecas,665,38794,17.13974485
1990,Nacional,38080,2430022,15.63964565
1991,Aguascalientes,454,26427,17.16993983
1991,Baja California,634,46737,13.43815843
1991,Baja California Sur,124,8995,13.79978124
1991,Campeche,232,16298,14.13152687
1991,Coahuila de Zaragoza,765,56872,13.45953348
1991,Colima,186,13099,14.17940301
1991,Chiapas,2075,116184,17.86168264
1991,Chihuahua,966,61696,15.65208952
1991,Distrito Federal,2407,183141,13.12183942
1991,Durango,584,40649,14.30815438
1991,Guanajuato,2551,136891,18.63514377
1991,Guerrero,1495,96714,15.41022619
1991,Hidalgo,1118,62471,17.88934413
1991,Jalisco,2470,162258,15.19602687
1991,México,4790,294662,16.2464632
1991,Michoacán de Ocampo,1892,113599,16.65069374
1991,Morelos,570,37552,15.18511442
1991,Nayarit,308,22414,13.74508579
1991,Nuevo León,902,80190,11.21669619
1991,Oaxaca,1829,99644,18.35793444
1991,Puebla,2882,139902,20.53162883
1991,Querétaro de Arteaga,666,39305,16.93325957
1991,Quintana Roo,305,18078,16.86027215
1991,San Luis Potosí,1071,63306,16.89443818
1991,Sinaloa,664,60127,11.02428431
1991,Sonora,638,50496,12.58612561
1991,Tabasco,739,50170,14.73685505
1991,Tamaulipas,951,58616,16.20316477
1991,Tlaxcala,453,25483,17.76947101
1991,Veracruz Llave,3183,178805,17.79117321
1991,Yucatán,582,41893,13.75365861
1991,Zacatecas,623,38581,16.13924758
1991,Nacional,40127,2441255,16.41473612
1992,Aguascalientes,446,26682,16.71372294
1992,Baja California,642,48022,13.21239776
1992,Baja California Sur,134,9108,14.73784125
1992,Campeche,226,16466,13.71131059
1992,Coahuila de Zaragoza,782,57285,13.62279175
1992,Colima,186,13060,14.22468119
1992,Chiapas,2308,117848,19.56127929
1992,Chihuahua,977,62225,15.6768229
1992,Distrito Federal,2299,179833,12.77551058
1992,Durango,602,40581,14.60878775
1992,Guanajuato,2656,137035,19.37615698
1992,Guerrero,1565,97127,16.11661487
1992,Hidalgo,1136,62314,18.20460097
1992,Jalisco,2519,161855,15.51766002
1992,México,4620,296597,15.57116602
1992,Michoacán de Ocampo,1907,112819,16.88990266
1992,Morelos,544,37627,14.46706835
1992,Nayarit,291,22353,13.03064638
1992,Nuevo León,961,80561,11.89207053
1992,Oaxaca,1931,99945,19.32556262
1992,Puebla,2984,140923,21.03649518
1992,Querétaro de Arteaga,684,39465,17.33981862
1992,Quintana Roo,314,18317,16.75316084
1992,San Luis Potosí,1154,63362,18.20655397
1992,Sinaloa,649,60448,10.45257528
1992,Sonora,627,50903,12.29350994
1992,Tabasco,830,50231,16.51705122
1992,Tamaulipas,927,58842,15.75697355
1992,Tlaxcala,453,25714,17.61535863
1992,Veracruz Llave,3226,179373,17.9242706
1992,Yucatán,609,41652,14.60690634
1992,Zacatecas,639,38261,16.69415214
1992,Nacional,40597,2446834,16.5552538
1993,Aguascalientes,427,26893,15.86871236
1993,Baja California,694,49425,13.77334676
1993,Baja California Sur,122,9191,13.04601048
1993,Campeche,223,16530,13.48667319
1993,Coahuila de Zaragoza,708,57570,12.29653308
1993,Colima,176,12977,13.56570126
1993,Chiapas,2170,119823,18.11345815
1993,Chihuahua,957,62886,15.22268332
1993,Distrito Federal,2181,176421,12.32775238
1993,Durango,522,40456,12.78582595
1993,Guanajuato,2468,137145,17.99403907
1993,Guerrero,1509,97516,15.47006989
1993,Hidalgo,1087,62003,17.5017588
1993,Jalisco,2415,161072,14.97295434
1993,México,4596,298969,15.37163582
1993,Michoacán de Ocampo,1886,111740,16.88267933
1993,Morelos,553,37448,14.77555564
1993,Nayarit,318,22215,14.29400506
1993,Nuevo León,947,80925,11.64396961
1993,Oaxaca,1632,99656,16.37828903
1993,Puebla,2858,142378,19.98530412
1993,Querétaro de Arteaga,635,39562,16.06015419
1993,Quintana Roo,288,18484,15.30769143
1993,San Luis Potosí,1004,63304,15.85111412
1993,Sinaloa,687,60719,10.97465148
1993,Sonora,618,51136,12.02274783
1993,Tabasco,786,50256,15.63104443
1993,Tamaulipas,925,58953,15.69841253
1993,Tlaxcala,466,25904,17.95578909
1993,Veracruz Llave,3096,179870,17.20655418
1993,Yucatán,573,41396,13.75640836
1993,Zacatecas,572,37900,15.10533731
1993,Nacional,38832,2450723,15.8116277
1994,Aguascalientes,400,27034,14.81200425
1994,Baja California,693,50790,13.3949499
1994,Baja California Sur,120,9278,12.86827893
1994,Campeche,240,16507,14.39674434
1994,Coahuila de Zaragoza,668,57681,11.5796166
1994,Colima,186,12889,14.44847662
1994,Chiapas,2283,121709,18.7608541
1994,Chihuahua,895,63402,14.10997475
1994,Distrito Federal,2114,173411,12.18573681
1994,Durango,522,40397,12.91505839
1994,Guanajuato,2271,136454,16.64160586
1994,Guerrero,1507,97657,15.40823294
1994,Hidalgo,996,61539,16.18143736
1994,Jalisco,2314,160004,14.45734265
1994,México,4510,301519,14.95802764
1994,Michoacán de Ocampo,1771,110399,16.04025024
1994,Morelos,527,37196,14.1797121
1994,Nayarit,302,22053,13.65387344
1994,Nuevo León,884,81588,10.82259661
1994,Oaxaca,1763,99307,17.74981556
1994,Puebla,2710,143209,18.92264119
1994,Querétaro de Arteaga,582,39618,14.69067723
1994,Quintana Roo,294,18632,15.75214555
1994,San Luis Potosí,990,63108,15.69315861
1994,Sinaloa,640,60895,10.22420133
1994,Sonora,565,51332,10.99935019
1994,Tabasco,752,50302,14.94624982
1994,Tamaulipas,842,59225,14.22244649
1994,Tlaxcala,434,26062,16.63902668
1994,Veracruz Llave,2956,179672,16.45222792
1994,Yucatán,535,41079,12.99972862
1994,Zacatecas,551,37575,14.66184514
1994,Nacional,37340,2451523,15.21710318
1995,Aguascalientes,379,27147,13.96682679
1995,Baja California,691,51951,13.26338158
1995,Baja California Sur,135,9391,14.36646714
1995,Campeche,208,16436,12.58104204
1995,Coahuila de Zaragoza,663,57684,11.50194614
1995,Colima,158,12781,12.37844889
1995,Chiapas,2149,123074,17.45917008
1995,Chihuahua,896,63680,14.07397461
1995,Distrito Federal,1990,170761,11.65613102
1995,Durango,473,40343,11.73331539
1995,Guanajuato,2153,135439,15.89096348
1995,Guerrero,1772,97271,18.2177308
1995,Hidalgo,976,60923,16.00857964
1995,Jalisco,2203,158870,13.86238401
1995,México,4417,302881,14.58478518
1995,Michoacán de Ocampo,1625,108746,14.94603232
1995,Morelos,538,36775,14.61833673
1995,Nayarit,287,21836,13.16467438
1995,Nuevo León,881,82160,10.72148186
1995,Oaxaca,1750,98664,17.74087699
1995,Puebla,2678,141972,18.86023845
1995,Querétaro de Arteaga,557,39640,14.05492886
1995,Quintana Roo,288,18788,15.28605729
1995,San Luis Potosí,903,62695,14.40688343
1995,Sinaloa,640,60900,10.26045568
1995,Sonora,601,51592,11.57339275
1995,Tabasco,751,50267,14.93223716
1995,Tamaulipas,822,59740,13.74800554
1995,Tlaxcala,415,26137,15.85945989
1995,Veracruz Llave,2864,178509,16.04330045
1995,Yucatán,513,40660,12.58383107
1995,Zacatecas,546,37196,14.66468623
1995,Nacional,36188,2444909,14.79250299
1996,Aguascalientes,374,27211,13.73568256
1996,Baja California,692,52675,13.04171463
1996,Baja California Sur,126,9485,13.1821713
1996,Campeche,194,16306,11.84009053
1996,Coahuila de Zaragoza,558,57628,9.646347028
1996,Colima,186,12618,14.7300582
1996,Chiapas,2224,124050,17.93052864
1996,Chihuahua,866,63951,13.52575833
1996,Distrito Federal,1922,168084,11.43679527
1996,Durango,449,40026,11.08093842
1996,Guanajuato,2069,134097,15.4022071
1996,Guerrero,1619,96337,16.80548695
1996,Hidalgo,912,60084,15.17610085
1996,Jalisco,2076,157355,13.18441014
1996,México,4331,303875,14.25229533
1996,Michoacán de Ocampo,1471,106502,13.81375496
1996,Morelos,504,36133,13.94185724
1996,Nayarit,264,21507,12.27507323
1996,Nuevo León,854,82442,10.36327621
1996,Oaxaca,1662,97636,17.01945328
1996,Puebla,2589,140427,18.43340116
1996,Querétaro de Arteaga,609,39555,15.396869
1996,Quintana Roo,307,18942,16.16696061
1996,San Luis Potosí,891,62073,14.35411615
1996,Sinaloa,588,60667,9.663037784
1996,Sonora,552,51709,10.67593663
1996,Tabasco,694,50161,13.83191692
1996,Tamaulipas,758,60113,12.58726005
1996,Tlaxcala,432,26167,16.49154456
1996,Veracruz Llave,2740,176411,15.53384267
1996,Yucatán,504,40172,12.52732751
1996,Zacatecas,517,36561,14.13635782
1996,Nacional,34867,2430960,14.33380833
1997,Aguascalientes,365,27234,13.39620382
1997,Baja California,684,52973,12.8209499
1997,Baja California Sur,117,9571,12.21451358
1997,Campeche,211,16147,13.03813623
1997,Coahuila de Zaragoza,582,57512,10.1062361
1997,Colima,167,12447,13.44269399
1997,Chiapas,2113,124561,16.9672553
1997,Chihuahua,855,64243,13.31219112
1997,Distrito Federal,1850,165458,11.17484664
1997,Durango,483,39615,12.14476951
1997,Guanajuato,1998,132722,15.05278475
1997,Guerrero,1549,95163,16.27903039
1997,Hidalgo,908,59292,15.31229255
1997,Jalisco,2004,155855,12.84638871
1997,México,4270,304115,14.04000047
1997,Michoacán de Ocampo,1470,104311,14.09445693
1997,Morelos,490,35473,13.82263749
1997,Nayarit,258,21207,12.16579431
1997,Nuevo León,800,82816,9.648846006
1997,Oaxaca,1676,96497,17.36467173
1997,Puebla,2529,139960,18.06837642
1997,Querétaro de Arteaga,527,39418,13.37734627
1997,Quintana Roo,265,19153,13.85335631
1997,San Luis Potosí,861,61411,14.0215869
1997,Sinaloa,518,60327,8.55703389
1997,Sonora,574,51734,11.09914076
1997,Tabasco,685,50067,13.67667906
1997,Tamaulipas,802,60381,13.27770953
1997,Tlaxcala,424,26169,16.19086748
1997,Veracruz Llave,2668,173694,15.35902882
1997,Yucatán,474,39689,11.9520942
1997,Zacatecas,486,35892,13.54079792
1997,Nacional,33928,2415107,14.04326855
1998,Aguascalientes,360,27222,13.09333624
1998,Baja California,655,53014,12.28806756
1998,Baja California Sur,108,9653,11.20828223
1998,Campeche,211,15965,13.2253968
1998,Coahuila de Zaragoza,581,57281,10.14870673
1998,Colima,147,12325,11.92416373
1998,Chiapas,1940,124586,14.89873629
1998,Chihuahua,885,64746,13.6421204
1998,Distrito Federal,1807,162757,11.09277224
1998,Durango,442,39101,11.23547918
1998,Guanajuato,1978,131035,14.85759595
1998,Guerrero,1551,93730,16.43917595
1998,Hidalgo,887,58727,15.06936566
1998,Jalisco,1986,154526,12.84849994
1998,México,4379,303294,14.34580979
1998,Michoacán de Ocampo,1380,102196,13.46495801
1998,Morelos,458,34910,13.05460565
1998,Nayarit,254,20930,12.06402293
1998,Nuevo León,785,83198,9.439934163
1998,Oaxaca,1418,95282,14.48403107
1998,Puebla,2520,139482,18.06834206
1998,Querétaro de Arteaga,521,39241,13.17005999
1998,Quintana Roo,255,19381,13.18207771
1998,San Luis Potosí,864,60634,14.11023124
1998,Sinaloa,531,59914,8.835474008
1998,Sonora,576,51760,11.13705142
1998,Tabasco,672,49988,13.12991941
1998,Tamaulipas,815,60682,13.42764043
1998,Tlaxcala,383,26167,14.62282858
1998,Veracruz Llave,2599,170507,15.24339233
1998,Yucatán,458,39261,11.66066895
1998,Zacatecas,453,35226,12.78241936
1998,Nacional,33227,2396721,13.76609796
1999,Aguascalientes,323,27205,11.75540618
1999,Baja California,648,53018,12.20044996
1999,Baja California Sur,102,9732,10.24986414
1999,Campeche,206,15791,12.94287584
1999,Coahuila de Zaragoza,575,57039,10.06988551
1999,Colima,150,12260,12.20909823
1999,Chiapas,2009,124337,14.62650687
1999,Chihuahua,855,65493,13.02849041
1999,Distrito Federal,1682,160278,10.47487469
1999,Durango,383,38569,9.933561067
1999,Guanajuato,1748,129289,13.12837655
1999,Guerrero,1644,92025,17.71170285
1999,Hidalgo,829,58446,14.15217348
1999,Jalisco,1816,153490,11.79697188
1999,México,4032,303194,13.14684969
1999,Michoacán de Ocampo,1260,100360,12.55296019
1999,Morelos,428,34521,12.27800633
1999,Nayarit,255,20695,12.23990398
1999,Nuevo León,753,83606,9.012324175
1999,Oaxaca,1432,93873,14.58935429
1999,Puebla,2278,138951,16.39435352
1999,Querétaro de Arteaga,488,39071,12.23331664
1999,Quintana Roo,254,19656,12.94640184
1999,San Luis Potosí,728,59940,11.91340347
1999,Sinaloa,530,59508,8.899961391
1999,Sonora,566,51829,10.91237317
1999,Tabasco,625,49857,11.86015549
1999,Tamaulipas,774,61148,12.64980285
1999,Tlaxcala,365,26196,13.93759428
1999,Veracruz Llave,2443,167100,14.61720853
1999,Yucatán,423,38940,10.85122469
1999,Zacatecas,426,34650,12.28177992
1999,Nacional,31018,2380067,12.87557747
2000,Aguascalientes,315,27206,11.40945965
2000,Baja California,620,53077,11.66295161
2000,Baja California Sur,97,9801,9.851458027
2000,Campeche,193,15697,12.30498512
2000,Coahuila de Zaragoza,516,56759,9.052148109
2000,Colima,152,12242,12.39377152
2000,Chiapas,1798,123863,13.57791646
2000,Chihuahua,884,66366,13.29164483
2000,Distrito Federal,1661,158051,10.50041983
2000,Durango,386,37944,10.1801964
2000,Guanajuato,1726,127407,13.12563045
2000,Guerrero,1477,90194,16.27419663
2000,Hidalgo,812,58171,13.9606951
2000,Jalisco,1741,152470,11.41053586
2000,México,4097,303496,13.36306802
2000,Michoacán de Ocampo,1312,98593,13.304147
2000,Morelos,397,34119,11.45102947
2000,Nayarit,227,20459,11.1101386
2000,Nuevo León,714,83962,8.5031187
2000,Oaxaca,1365,92400,14.22247626
2000,Puebla,2304,138097,16.68365983
2000,Querétaro de Arteaga,460,38857,11.71436064
2000,Quintana Roo,240,19962,12.0225461
2000,San Luis Potosí,742,59253,12.19619023
2000,Sinaloa,504,59064,8.475118422
2000,Sonora,531,51913,10.16333575
2000,Tabasco,614,49669,11.929788
2000,Tamaulipas,772,61753,12.49481374
2000,Tlaxcala,380,26180,14.501625
2000,Veracruz Llave,2329,163527,14.24431021
2000,Yucatán,396,38698,10.22131128
2000,Zacatecas,427,34025,12.55004023
2000,Nacional,30331,2363275,12.70046474
2001,Aguascalientes,318,27226,11.5350265
2001,Baja California,599,53186,11.22645481
2001,Baja California Sur,97,9874,9.793574477
2001,Campeche,181,15654,11.53390342
2001,Coahuila de Zaragoza,470,56461,8.306498447
2001,Colima,130,12276,10.62891166
2001,Chiapas,1889,123082,14.53066077
2001,Chihuahua,869,67021,12.96410131
2001,Distrito Federal,1547,156131,9.886626268
2001,Durango,366,37390,9.800465203
2001,Guanajuato,1671,125656,12.89276108
2001,Guerrero,1307,88548,14.60671231
2001,Hidalgo,768,57856,13.26845227
2001,Jalisco,1666,151730,10.97209723
2001,México,4027,303847,13.10056946
2001,Michoacán de Ocampo,1259,97166,12.93487059
2001,Morelos,393,33818,11.50622884
2001,Nayarit,184,20310,9.072933363
2001,Nuevo León,682,84281,8.086984618
2001,Oaxaca,1249,91013,13.23775666
2001,Puebla,2174,137041,15.8638353
2001,Querétaro de Arteaga,462,38608,11.75407279
2001,Quintana Roo,255,20314,12.53953415
2001,San Luis Potosí,718,58544,12.04727037
2001,Sinaloa,455,58669,7.757386528
2001,Sonora,511,51927,9.83957785
2001,Tabasco,623,49448,12.01792208
2001,Tamaulipas,734,62205,11.66037028
2001,Tlaxcala,360,26114,13.74801665
2001,Veracruz Llave,2215,160155,13.82885247
2001,Yucatán,415,38480,10.79157449
2001,Zacatecas,397,33571,11.83761156
2001,Nacional,29120,2347602,12.2778645
2002,Aguascalientes,302,27292,11.04762382
2002,Baja California,620,53506,11.55462571
2002,Baja California Sur,109,9981,10.95141994
2002,Campeche,168,15643,10.70970497
2002,Coahuila de Zaragoza,481,56174,8.542196831
2002,Colima,122,12378,9.823881079
2002,Chiapas,1746,122155,13.44362969
2002,Chihuahua,878,67723,12.95989578
2002,Distrito Federal,1509,154317,9.777627182
2002,Durango,472,36907,12.79593192
2002,Guanajuato,1537,124334,12.14967914
2002,Guerrero,1288,87023,14.74881189
2002,Hidalgo,711,57623,12.33719804
2002,Jalisco,1573,151265,10.38875183
2002,México,3783,304298,12.2916592
2002,Michoacán de Ocampo,1165,96035,12.1059906
2002,Morelos,376,33720,11.08194449
2002,Nayarit,210,20256,10.31322877
2002,Nuevo León,683,84593,8.069695051
2002,Oaxaca,1263,89652,13.58190049
2002,Puebla,2042,136187,14.9971254
2002,Querétaro de Arteaga,411,38425,10.69339873
2002,Quintana Roo,247,20714,11.93710194
2002,San Luis Potosí,680,57866,11.50358184
2002,Sinaloa,524,58273,8.985546921
2002,Sonora,517,51989,9.946203716
2002,Tabasco,567,49255,11.17936321
2002,Tamaulipas,677,62722,10.74783087
2002,Tlaxcala,336,26058,12.90378823
2002,Veracruz Llave,2062,157179,13.11153187
2002,Yucatán,358,38296,9.344945053
2002,Zacatecas,393,33289,11.78938066
2002,Nacional,27769,2335128,11.79065764
2003,Aguascalientes,284,27339,10.33645797
2003,Baja California,639,54028,11.83539318
2003,Baja California Sur,96,10102,9.552001404
2003,Campeche,168,15656,10.70675779
2003,Coahuila de Zaragoza,451,55880,8.054732563
2003,Colima,137,12517,10.94931945
2003,Chiapas,1516,121161,11.59297251
2003,Chihuahua,867,68434,12.6368356
2003,Distrito Federal,1464,152510,9.593806355
2003,Durango,439,36440,12.03899855
2003,Guanajuato,1478,123173,11.84355783
2003,Guerrero,1186,85545,13.73039622
2003,Hidalgo,733,57445,12.76201188
2003,Jalisco,1536,150947,10.17355929
2003,México,3790,304691,12.36874176
2003,Michoacán de Ocampo,1082,95157,11.37402121
2003,Morelos,364,33744,10.73776567
2003,Nayarit,186,20241,9.039988996
2003,Nuevo León,616,84851,7.262526752
2003,Oaxaca,1192,88476,13.08944885
2003,Puebla,1977,135333,14.60577567
2003,Querétaro de Arteaga,409,38294,10.66784822
2003,Quintana Roo,246,21193,11.58361371
2003,San Luis Potosí,626,57140,10.81489925
2003,Sinaloa,491,57848,8.493719919
2003,Sonora,500,52073,9.603910638
2003,Tabasco,523,49147,10.33800714
2003,Tamaulipas,748,63213,11.70496038
2003,Tlaxcala,325,26018,12.50649317
2003,Veracruz Llave,1975,154206,12.80782117
2003,Yucatán,339,38192,8.883305968
2003,Zacatecas,360,33057,10.88660128
2003,Nacional,26800,2324051,11.4428265
2004,Aguascalientes,272,27306,9.973388022
2004,Baja California,602,54691,11.00228295
2004,Baja California Sur,95,10239,9.247079897
2004,Campeche,161,15699,10.23830385
2004,Coahuila de Zaragoza,413,55610,7.434105305
2004,Colima,129,12661,10.18195001
2004,Chiapas,1407,120166,11.14892917
2004,Chihuahua,778,69138,11.2456927
2004,Distrito Federal,1376,150692,9.134064803
2004,Durango,408,35983,11.34008502
2004,Guanajuato,1486,122073,12.16902438
2004,Guerrero,1187,84073,14.11273536
2004,Hidalgo,638,57268,11.14275122
2004,Jalisco,1455,150647,9.661518798
2004,México,3542,305045,11.5969825
2004,Michoacán de Ocampo,1029,94475,10.89498414
2004,Morelos,344,33816,10.17913773
2004,Nayarit,190,20270,9.392762918
2004,Nuevo León,650,85009,7.644044428
2004,Oaxaca,1066,87590,11.9862182
2004,Puebla,1807,134546,13.43005849
2004,Querétaro de Arteaga,394,38205,10.29992081
2004,Quintana Roo,235,21782,10.80402779
2004,San Luis Potosí,599,56474,10.48384417
2004,Sinaloa,411,57410,7.134057918
2004,Sonora,464,52139,8.905789966
2004,Tabasco,506,49139,10.1634146
2004,Tamaulipas,680,63919,10.57192522
2004,Tlaxcala,303,25965,11.66446001
2004,Veracruz Llave,1845,151506,12.17144151
2004,Yucatán,368,38209,9.637152017
2004,Zacatecas,358,32912,10.86837628
2004,Nacional,25236,2314657,10.86503674
2005,Aguascalientes,228,27086,8.422497111
2005,Baja California,578,55377,10.44656529
2005,Baja California Sur,99,10387,9.529894386
2005,Campeche,157,15757,9.941186448
2005,Coahuila de Zaragoza,406,55392,7.314678993
2005,Colima,129,12779,10.05730441
2005,Chiapas,1306,119084,10.3182585
2005,Chihuahua,742,69753,10.6242278
2005,Distrito Federal,1318,148915,8.848543251
2005,Durango,374,35490,10.53270852
2005,Guanajuato,1382,120512,11.46431924
2005,Guerrero,1170,82450,14.14838094
2005,Hidalgo,621,56943,10.90633875
2005,Jalisco,1410,150046,9.39573355
2005,México,3474,304923,11.30731365
2005,Michoacán de Ocampo,1087,93602,11.61102054
2005,Morelos,330,33804,9.762158324
2005,Nayarit,184,20297,9.050290683
2005,Nuevo León,617,84957,7.266500316
2005,Oaxaca,961,86492,10.84574574
2005,Puebla,1806,133384,13.54024742
2005,Querétaro de Arteaga,375,38062,9.846146943
2005,Quintana Roo,234,22469,10.39821207
2005,San Luis Potosí,553,55832,9.883905919
2005,Sinaloa,475,56925,8.352349583
2005,Sonora,457,52131,8.761814701
2005,Tabasco,503,48755,10.16257048
2005,Tamaulipas,705,64749,10.82435241
2005,Tlaxcala,323,25818,12.50785994
2005,Veracruz Llave,1703,149086,11.41917564
2005,Yucatán,307,38259,8.007165735
2005,Zacatecas,307,32569,9.430045115
2005,Nacional,24328,2302085,10.5118461
2006,Aguascalientes,232,26799,8.638557491
2006,Baja California,559,55755,10.00982739
2006,Baja California Sur,91,10548,8.627227911
2006,Campeche,153,15826,9.694240657
2006,Coahuila de Zaragoza,412,55094,7.476672801
2006,Colima,125,12900,9.66442953
2006,Chiapas,1249,117942,10.22090368
2006,Chihuahua,777,70165,11.07255908
2006,Distrito Federal,1255,146569,8.5628471
2006,Durango,346,35071,9.871009842
2006,Guanajuato,1333,118859,11.21226365
2006,Guerrero,1152,80877,14.24346488
2006,Hidalgo,593,56433,10.51246611
2006,Jalisco,1377,149642,9.188307243
2006,México,3368,305392,10.95580574
2006,Michoacán de Ocampo,995,92764,10.72586515
2006,Morelos,321,33768,9.513537457
2006,Nayarit,165,20493,8.066673734
2006,Nuevo León,628,85025,7.361174607
2006,Oaxaca,970,85244,11.27776487
2006,Puebla,1685,131900,12.77099506
2006,Querétaro de Arteaga,346,38092,9.076286506
2006,Quintana Roo,223,23949,9.308241552
2006,San Luis Potosí,544,55226,9.854658858
2006,Sinaloa,483,56565,8.538849112
2006,Sonora,407,52319,7.781964073
2006,Tabasco,431,48214,8.775213546
2006,Tamaulipas,677,65685,10.23745757
2006,Tlaxcala,293,25628,11.44537911
2006,Veracruz Llave,1620,146893,11.02724611
2006,Yucatán,334,38326,8.70328437
2006,Zacatecas,296,32203,9.185959735
2006,Nacional,23431,2290166,10.19466698
2007,Aguascalientes,208,26690,7.778559614
2007,Baja California,590,56042,10.49688387
2007,Baja California Sur,94,10727,8.743308817
2007,Campeche,132,15922,8.307130325
2007,Coahuila de Zaragoza,384,54789,6.951853451
2007,Colima,112,13026,8.629799225
2007,Chiapas,1157,116972,9.636925033
2007,Chihuahua,766,70282,10.89644304
2007,Distrito Federal,1186,144075,8.229520468
2007,Durango,351,34752,10.10369462
2007,Guanajuato,1221,117894,10.36000857
2007,Guerrero,1019,79611,12.80468416
2007,Hidalgo,573,56054,10.2247904
2007,Jalisco,1335,149625,8.924846931
2007,México,3202,305441,10.45873103
2007,Michoacán de Ocampo,966,92320,10.46485177
2007,Morelos,308,33805,9.104614436
2007,Nayarit,153,20763,7.379197886
2007,Nuevo León,601,85151,7.056994981
2007,Oaxaca,902,84429,10.51565979
2007,Puebla,1551,131042,11.81849049
2007,Querétaro de Arteaga,312,38040,8.19087493
2007,Quintana Roo,234,24921,9.372247882
2007,San Luis Potosí,516,54892,9.396258321
2007,Sinaloa,452,56287,8.023545671
2007,Sonora,435,52539,8.279173322
2007,Tabasco,414,47935,8.504208087
2007,Tamaulipas,680,66023,10.23467788
2007,Tlaxcala,286,25516,11.2012206
2007,Veracruz Llave,1560,145401,10.72194081
2007,Yucatán,329,38507,8.5541488
2007,Zacatecas,271,32070,8.459573042
2007,Nacional,22291,2281543,9.742308945
2008,Aguascalientes,218,26683,8.16483964
2008,Baja California,566,56568,9.955866834
2008,Baja California Sur,85,10928,7.741191863
2008,Campeche,142,16032,8.881047429
2008,Coahuila de Zaragoza,340,54592,6.227142312
2008,Colima,110,13121,8.363333139
2008,Chiapas,1179,116149,10.04153769
2008,Chihuahua,733,70223,10.43752824
2008,Distrito Federal,1148,142073,8.07346971
2008,Durango,314,34516,9.092932216
2008,Guanajuato,1193,117266,10.16406336
2008,Guerrero,965,78596,12.27226019
2008,Hidalgo,538,56017,9.597560441
2008,Jalisco,1340,149670,8.954225101
2008,México,3190,304855,10.45297208
2008,Michoacán de Ocampo,933,92153,10.10306651
2008,Morelos,304,33993,8.953109925
2008,Nayarit,194,20976,9.242006827
2008,Nuevo León,573,85137,6.728962976
2008,Oaxaca,891,83904,10.42975495
2008,Puebla,1550,130548,11.8710843
2008,Querétaro de Arteaga,328,37751,8.676935926
2008,Quintana Roo,241,25111,9.605309983
2008,San Luis Potosí,479,54708,8.76298173
2008,Sinaloa,444,55972,7.914541212
2008,Sonora,411,52551,7.812506402
2008,Tabasco,386,47680,8.090374051
2008,Tamaulipas,630,64890,9.675714946
2008,Tlaxcala,271,25443,10.65483273
2008,Veracruz Llave,1554,144434,10.7590425
2008,Yucatán,337,38765,8.693802413
2008,Zacatecas,240,32030,7.498252079
2008,Nacional,21844,2273335,9.593088959
2009,Aguascalientes,212,26648,7.941211022
2009,Baja California,570,56968,9.95784524
2009,Baja California Sur,97,11136,8.729171488
2009,Campeche,130,16140,8.08453978
2009,Coahuila de Zaragoza,367,54413,6.726574015
2009,Colima,95,13121,7.220987375
2009,Chiapas,1050,115450,9.096270405
2009,Chihuahua,740,69964,10.58392182
2009,Distrito Federal,1105,139975,7.897158586
2009,Durango,306,34265,8.935153757
2009,Guanajuato,1134,116631,9.717865537
2009,Guerrero,954,77686,12.24729797
2009,Hidalgo,575,56115,10.24897741
2009,Jalisco,1282,149599,8.572077168
2009,México,3107,304838,10.18328644
2009,Michoacán de Ocampo,903,91867,9.834665202
2009,Morelos,300,34214,8.756275481
2009,Nayarit,152,21158,7.194605524
2009,Nuevo León,543,85074,6.387747957
2009,Oaxaca,851,83438,10.13592438
2009,Puebla,1520,129919,11.69746538
2009,Querétaro de Arteaga,329,37647,8.73750706
2009,Quintana Roo,261,25848,10.1081108
2009,San Luis Potosí,470,54536,8.609592018
2009,Sinaloa,426,55635,7.591728322
2009,Sonora,395,52498,7.518741851
2009,Tabasco,394,47422,8.317573607
2009,Tamaulipas,623,63837,9.760408788
2009,Tlaxcala,267,25369,10.51210392
2009,Veracruz Llave,1455,143689,10.11918748
2009,Yucatán,316,39030,8.102803669
2009,Zacatecas,240,31934,7.514340921
2009,Nacional,21210,2266064,9.351601485
2010,Aguascalientes,203,26443,7.658054324
2010,Baja California,542,56386,9.618935558
2010,Baja California Sur,93,11371,8.20801454
2010,Campeche,124,16190,7.656272772
2010,Coahuila de Zaragoza,341,54164,6.294921085
2010,Colima,103,13077,7.912269634
2010,Chiapas,1002,114631,8.73106471
2010,Chihuahua,693,68414,10.12463336
2010,Distrito Federal,1030,137748,7.477571564
2010,Durango,296,33938,8.694593164
2010,Guanajuato,1075,115916,9.278145936
2010,Guerrero,866,76380,11.34289706
2010,Hidalgo,528,55701,9.484721239
2010,Jalisco,1204,148616,8.102862692
2010,México,2919,305522,9.537979178
2010,Michoacán de Ocampo,859,90974,9.439755501
2010,Morelos,303,34158,8.856587507
2010,Nayarit,173,21153,8.196909259
2010,Nuevo León,544,84938,6.400542102
2010,Oaxaca,753,82750,9.100143521
2010,Puebla,1407,129402,10.86698112
2010,Querétaro de Arteaga,308,37510,8.213798814
2010,Quintana Roo,242,26304,9.188861833
2010,San Luis Potosí,435,54122,8.04170226
2010,Sinaloa,386,55141,6.899786475
2010,Sonora,399,52105,7.654921359
2010,Tabasco,388,47177,8.232591507
2010,Tamaulipas,567,62904,9.010294167
2010,Tlaxcala,247,25333,9.750128291
2010,Veracruz Llave,1373,142690,9.623058979
2010,Yucatán,289,39086,7.398113888
2010,Zacatecas,244,31488,7.753281833
2010,Nacional,19955,2251732,8.856496465
2011,Aguascalientes,175,26983,6.485564985
2011,Baja California,517,56655,9.125408172
2011,Baja California Sur,82,12622,6.49659325
2011,Campeche,172,15838,10.85995707
2011,Coahuila de Zaragoza,378,55705,6.785746342
2011,Colima,102,12713,8.023283253
2011,Chiapas,931,115745,8.043543998
2011,Chihuahua,619,67931,9.112187367
2011,Distrito Federal,1236,137315,9.001201617
2011,Durango,367,36189,10.14120313
2011,Guanajuato,937,120082,7.803001282
2011,Guerrero,792,76587,10.34118062
2011,Hidalgo,521,55443,9.3970384
2011,Jalisco,1309,153813,8.510333977
2011,México,2776,296086,9.375654371
2011,Michoacán de Ocampo,741,91560,8.093053735
2011,Morelos,278,32497,8.554635813
2011,Nayarit,158,21776,7.255694342
2011,Nuevo León,488,85225,5.726019361
2011,Oaxaca,683,81590,8.371123912
2011,Puebla,1321,122668,10.76890469
2011,Querétaro de Arteaga,289,39838,7.25438024
2011,Quintana Roo,208,25986,8.004310013
2011,San Luis Potosí,483,53701,8.994245917
2011,Sinaloa,396,53501,7.401730809
2011,Sonora,386,54458,7.088031143
2011,Tabasco,467,50748,9.202333097
2011,Tamaulipas,516,63568,8.117291719
2011,Tlaxcala,216,25645,8.422694482
2011,Veracruz Llave,1358,143809,9.443080753
2011,Yucatán,244,39341,6.202180931
2011,Zacatecas,217,30669,7.0755486
2011,Nacional,19363,2256287,8.581798326
2012,Aguascalientes,179,27280,6.561583578
2012,Baja California,497,58135,8.549066827
2012,Baja California Sur,85,12885,6.596818005
2012,Campeche,189,16337,11.56883149
2012,Coahuila de Zaragoza,506,58151,8.701484067
2012,Colima,81,12728,6.363922062
2012,Chiapas,813,112247,7.242955268
2012,Chihuahua,573,68577,8.35557111
2012,Distrito Federal,1151,139491,8.251428408
2012,Durango,311,36180,8.595909342
2012,Guanajuato,939,120609,7.785488645
2012,Guerrero,730,73814,9.889722817
2012,Hidalgo,482,55511,8.682963737
2012,Jalisco,1169,153922,7.594755785
2012,México,2715,304535,8.915231418
2012,Michoacán de Ocampo,790,95934,8.234828111
2012,Morelos,260,33316,7.80405811
2012,Nayarit,134,21999,6.091185963
2012,Nuevo León,537,82833,6.482923473
2012,Oaxaca,587,81216,7.227639874
2012,Puebla,1306,126359,10.33563102
2012,Querétaro de Arteaga,317,40401,7.846340437
2012,Quintana Roo,229,27778,8.243934049
2012,San Luis Potosí,429,53999,7.944591567
2012,Sinaloa,343,53024,6.468768859
2012,Sonora,401,51282,7.81950782
2012,Tabasco,464,49766,9.32363461
2012,Tamaulipas,552,61622,8.957839733
2012,Tlaxcala,244,26918,9.064566461
2012,Veracruz Llave,1364,141123,9.665327409
2012,Yucatán,293,39953,7.333617
2012,Zacatecas,204,31203,6.537832901
2012,Nacional,18874,2269128,8.317732627
2013,Aguascalientes,158,27200,5.808823529
2013,Baja California,467,56694,8.237203231
2013,Baja California Sur,90,12457,7.224853496
2013,Campeche,166,16820,9.869203329
2013,Coahuila de Zaragoza,489,59245,8.253861085
2013,Colima,86,13346,6.443878316
2013,Chiapas,835,113201,7.376259927
2013,Chihuahua,610,68587,8.893813696
2013,Distrito Federal,999,135962,7.347641253
2013,Durango,297,36371,8.165846416
2013,Guanajuato,848,117425,7.221630828
2013,Guerrero,675,74060,9.114231704
2013,Hidalgo,416,55981,7.431092692
2013,Jalisco,1072,151701,7.066532192
2013,México,2492,296612,8.40154815
2013,Michoacán de Ocampo,683,95253,7.170377836
2013,Morelos,246,33695,7.300786467
2013,Nayarit,144,22169,6.495556859
2013,Nuevo León,537,87982,6.103521175
2013,Oaxaca,499,81426,6.1282637
2013,Puebla,1105,125618,8.796510054
2013,Querétaro de Arteaga,287,39970,7.180385289
2013,Quintana Roo,207,28152,7.352941176
2013,San Luis Potosí,375,53494,7.010131977
2013,Sinaloa,342,52447,6.520868686
2013,Sonora,340,52274,6.504189463
2013,Tabasco,445,51051,8.716773423
2013,Tamaulipas,554,59920,9.245660881
2013,Tlaxcala,206,25903,7.952746786
2013,Veracruz Llave,1298,137944,9.409615496
2013,Yucatán,271,39338,6.889013168
2013,Zacatecas,189,31710,5.960264901
2013,Nacional,17428,2254008,7.7320045
