Periodo,Entidad de Residencia,Defunciones por EPOC,Poblacion Total,Tasa de Mortalidad por EPOC
1990,Aguascalientes,125,824227,15.16572498
1990,Baja California,168,1732550,9.69668985
1990,Baja California Sur,38,339387,11.1966575
1990,Campeche,41,553106,7.412684006
1990,Coahuila de Zaragoza,329,2005016,16.40884661
1990,Colima,69,473115,14.584192
1990,Chiapas,253,3314875,7.63226366
1990,Chihuahua,352,2408000,14.6179402
1990,Distrito Federal,1772,8695562,20.37821132
1990,Durango,221,1389199,15.90844796
1990,Guanajuato,755,4657092,16.21183348
1990,Guerrero,160,3021955,5.29458579
1990,Hidalgo,248,2207154,11.23618923
1990,Jalisco,1172,5765386,20.32821393
1990,México,1543,10083763,15.3018273
1990,Michoacán de Ocampo,608,3978777,15.28107758
1990,Morelos,173,1397700,12.37747728
1990,Nayarit,88,851666,10.33268911
1990,Nuevo León,459,3236128,14.18361696
1990,Oaxaca,293,3361672,8.715900897
1990,Puebla,806,4494848,17.93164085
1990,Querétaro de Arteaga,138,1245271,11.08192514
1990,Quintana Roo,29,574852,5.044776743
1990,San Luis Potosí,275,2202098,12.4880909
1990,Sinaloa,288,2215227,13.00092496
1990,Sonora,351,1858664,18.88453212
1990,Tabasco,161,1637553,9.83174285
1990,Tamaulipas,387,2252956,17.17743267
1990,Tlaxcala,126,817427,15.41422047
1990,Veracruz Llave,599,6615976,9.053841791
1990,Yucatán,183,1444723,12.66678803
1990,Zacatecas,205,1408922,14.55013124
1990,Nacional,12415,87064847,14.25948638
1991,Aguascalientes,144,844162,17.05833714
1991,Baja California,172,1815903,9.47187157
1991,Baja California Sur,54,351246,15.37384056
1991,Campeche,44,568384,7.741245355
1991,Coahuila de Zaragoza,354,2042564,17.33115829
1991,Colima,71,483048,14.69833226
1991,Chiapas,227,3395180,6.685948904
1991,Chihuahua,366,2465322,14.84593088
1991,Distrito Federal,1750,8738833,20.02555719
1991,Durango,189,1402493,13.47600309
1991,Guanajuato,755,4718814,15.999783
1991,Guerrero,173,3049039,5.673918897
1991,Hidalgo,233,2227905,10.45825563
1991,Jalisco,1095,5861907,18.67992788
1991,México,1439,10403594,13.83175852
1991,Michoacán de Ocampo,620,4015276,15.4410307
1991,Morelos,137,1423487,9.624253681
1991,Nayarit,142,862823,16.45760486
1991,Nuevo León,535,3308191,16.1719804
1991,Oaxaca,274,3396857,8.066280094
1991,Puebla,696,4575107,15.21275896
1991,Querétaro de Arteaga,126,1277558,9.862565927
1991,Quintana Roo,31,610571,5.077214607
1991,San Luis Potosí,293,2227649,13.15288001
1991,Sinaloa,279,2251748,12.39037406
1991,Sonora,386,1901710,20.2975217
1991,Tabasco,119,1675650,7.10172172
1991,Tamaulipas,316,2300861,13.73398915
1991,Tlaxcala,110,836761,13.14592817
1991,Veracruz Llave,582,6709491,8.674279465
1991,Yucatán,170,1474038,11.53294555
1991,Zacatecas,209,1414769,14.77272968
1991,Nacional,12091,88630941,13.6419628
1992,Aguascalientes,152,863697,17.59876438
1992,Baja California,194,1895648,10.23396749
1992,Baja California Sur,33,363307,9.083227133
1992,Campeche,42,583930,7.192642954
1992,Coahuila de Zaragoza,333,2080707,16.0041755
1992,Colima,60,492181,12.19063718
1992,Chiapas,282,3476913,8.110642976
1992,Chihuahua,423,2521954,16.77270878
1992,Distrito Federal,1633,8772275,18.61546748
1992,Durango,180,1415393,12.71731597
1992,Guanajuato,716,4777030,14.98839237
1992,Guerrero,146,3075833,4.746681631
1992,Hidalgo,217,2248684,9.650088674
1992,Jalisco,1087,5951246,18.26508264
1992,México,1446,10706626,13.50565528
1992,Michoacán de Ocampo,595,4047191,14.70155473
1992,Morelos,153,1448069,10.56579486
1992,Nayarit,127,873510,14.53904363
1992,Nuevo León,492,3378692,14.56184819
1992,Oaxaca,259,3433323,7.543712025
1992,Puebla,592,4654771,12.71813372
1992,Querétaro de Arteaga,152,1309252,11.60968248
1992,Quintana Roo,30,645180,4.649865154
1992,San Luis Potosí,327,2251877,14.52121941
1992,Sinaloa,273,2286742,11.9383822
1992,Sonora,326,1944455,16.76562327
1992,Tabasco,111,1711673,6.484883503
1992,Tamaulipas,320,2350664,13.61317483
1992,Tlaxcala,91,856069,10.62998427
1992,Veracruz Llave,591,6793533,8.699449903
1992,Yucatán,168,1502887,11.17848514
1992,Zacatecas,221,1419273,15.57135238
1992,Nacional,11772,90132585,13.06075932
1993,Aguascalientes,147,882995,16.64788589
1993,Baja California,238,1976271,12.04288278
1993,Baja California Sur,45,375535,11.98290439
1993,Campeche,49,599335,8.175728099
1993,Coahuila de Zaragoza,318,2119320,15.00481286
1993,Colima,69,500880,13.77575467
1993,Chiapas,299,3559521,8.40000663
1993,Chihuahua,447,2578946,17.33266226
1993,Distrito Federal,1613,8801777,18.32584488
1993,Durango,174,1427650,12.18786117
1993,Guanajuato,728,4833834,15.0605089
1993,Guerrero,207,3100542,6.676252088
1993,Hidalgo,231,2268750,10.18181818
1993,Jalisco,1260,6036556,20.87282881
1993,México,1493,11004587,13.5670698
1993,Michoacán de Ocampo,665,4075275,16.3179172
1993,Morelos,149,1471328,10.12690576
1993,Nayarit,183,883537,20.7122056
1993,Nuevo León,531,3448999,15.39577135
1993,Oaxaca,342,3468037,9.861486484
1993,Puebla,741,4734278,15.65180583
1993,Querétaro de Arteaga,142,1340778,10.5908659
1993,Quintana Roo,31,680236,4.557241898
1993,San Luis Potosí,302,2274743,13.27622505
1993,Sinaloa,311,2320874,13.40012426
1993,Sonora,352,1987353,17.71200184
1993,Tabasco,176,1746827,10.07541102
1993,Tamaulipas,267,2401107,11.11987096
1993,Tlaxcala,109,875468,12.45048363
1993,Veracruz Llave,735,6871335,10.69661136
1993,Yucatán,212,1531251,13.84488892
1993,Zacatecas,275,1422730,19.32903643
1993,Nacional,12841,91600655,14.01845871
1994,Aguascalientes,150,902128,16.62735222
1994,Baja California,207,2058198,10.05734142
1994,Baja California Sur,36,387994,9.278493997
1994,Campeche,63,614694,10.24900194
1994,Coahuila de Zaragoza,337,2158403,15.61339564
1994,Colima,69,509258,13.54912441
1994,Chiapas,277,3644811,7.599845369
1994,Chihuahua,432,2636937,16.38264395
1994,Distrito Federal,1632,8828375,18.48584819
1994,Durango,209,1439646,14.51745776
1994,Guanajuato,779,4889078,15.93347457
1994,Guerrero,202,3124968,6.464066192
1994,Hidalgo,224,2288570,9.787771403
1994,Jalisco,1195,6118571,19.53070415
1994,México,1482,11300207,13.114804
1994,Michoacán de Ocampo,642,4100535,15.6564936
1994,Morelos,185,1493515,12.38688597
1994,Nayarit,161,893093,18.02723792
1994,Nuevo León,480,3519985,13.63642175
1994,Oaxaca,314,3501881,8.966609659
1994,Puebla,721,4815366,14.97290133
1994,Querétaro de Arteaga,167,1372231,12.16996264
1994,Quintana Roo,35,715788,4.889715949
1994,San Luis Potosí,300,2296679,13.06233914
1994,Sinaloa,309,2354573,13.12339859
1994,Sonora,334,2030370,16.45020366
1994,Tabasco,143,1781609,8.026452493
1994,Tamaulipas,352,2452645,14.3518528
1994,Tlaxcala,104,895027,11.61976119
1994,Veracruz Llave,725,6945101,10.43901305
1994,Yucatán,199,1559473,12.76072109
1994,Zacatecas,283,1425591,19.85141601
1994,Nacional,12748,93055300,13.69938091
1995,Aguascalientes,184,921048,19.97724331
1995,Baja California,205,2141231,9.573932005
1995,Baja California Sur,41,400667,10.23293658
1995,Campeche,65,629897,10.31914742
1995,Coahuila de Zaragoza,366,2197744,16.65344098
1995,Colima,64,517359,12.37052028
1995,Chiapas,280,3732019,7.502641332
1995,Chihuahua,480,2695309,17.80871878
1995,Distrito Federal,1627,8853087,18.37777038
1995,Durango,238,1451581,16.3959159
1995,Guanajuato,839,4941687,16.97800771
1995,Guerrero,213,3148736,6.7646192
1995,Hidalgo,206,2308109,8.925055099
1995,Jalisco,1350,6197229,21.78392956
1995,México,1758,11591879,15.16578977
1995,Michoacán de Ocampo,772,4123078,18.72387571
1995,Morelos,231,1514605,15.25150122
1995,Nayarit,162,902312,17.95387848
1995,Nuevo León,517,3591906,14.39347243
1995,Oaxaca,319,3535280,9.023330542
1995,Puebla,700,4895089,14.30004643
1995,Querétaro de Arteaga,158,1403630,11.25652772
1995,Quintana Roo,26,751792,3.458403388
1995,San Luis Potosí,267,2317524,11.52091629
1995,Sinaloa,404,2387913,16.91853933
1995,Sonora,370,2073741,17.84215097
1995,Tabasco,148,1816022,8.149681006
1995,Tamaulipas,333,2505876,13.28876608
1995,Tlaxcala,121,914661,13.22894493
1995,Veracruz Llave,815,7013920,11.61975044
1995,Yucatán,208,1587453,13.10275013
1995,Zacatecas,294,1427952,20.58892736
1995,Nacional,13761,94490336,14.56339408
1996,Aguascalientes,187,939507,19.90405606
1996,Baja California,229,2224286,10.29543863
1996,Baja California Sur,50,413575,12.08970562
1996,Campeche,68,644818,10.54561132
1996,Coahuila de Zaragoza,336,2237025,15.01994837
1996,Colima,92,524947,17.52557877
1996,Chiapas,305,3819739,7.984838755
1996,Chihuahua,519,2753282,18.85023038
1996,Distrito Federal,1702,8875396,19.17660913
1996,Durango,250,1462829,17.09017254
1996,Guanajuato,978,4990233,19.59828329
1996,Guerrero,244,3170156,7.696782114
1996,Hidalgo,235,2326530,10.10087985
1996,Jalisco,1478,6270725,23.5698424
1996,México,1797,11876981,15.13010756
1996,Michoacán de Ocampo,723,4140754,17.4605881
1996,Morelos,208,1533870,13.56047123
1996,Nayarit,172,910767,18.88518139
1996,Nuevo León,543,3663689,14.82112701
1996,Oaxaca,364,3566944,10.20481398
1996,Puebla,716,4969986,14.40647921
1996,Querétaro de Arteaga,193,1434671,13.4525616
1996,Quintana Roo,32,788218,4.059790566
1996,San Luis Potosí,346,2336411,14.80903831
1996,Sinaloa,415,2420265,17.14688268
1996,Sonora,381,2117226,17.99524472
1996,Tabasco,183,1849738,9.893292996
1996,Tamaulipas,405,2560332,15.81826107
1996,Tlaxcala,134,934238,14.34324016
1996,Veracruz Llave,840,7075631,11.87173271
1996,Yucatán,238,1614983,14.73699723
1996,Zacatecas,272,1428912,19.03546195
1996,Nacional,14635,95876664,15.26440261
1997,Aguascalientes,211,957443,22.03786544
1997,Baja California,232,2306424,10.05886168
1997,Baja California Sur,57,426653,13.35980293
1997,Campeche,76,659417,11.52533223
1997,Coahuila de Zaragoza,412,2276268,18.09980196
1997,Colima,79,531965,14.85060107
1997,Chiapas,341,3907302,8.727249647
1997,Chihuahua,579,2810765,20.59937419
1997,Distrito Federal,1662,8895216,18.68420059
1997,Durango,265,1472961,17.99097193
1997,Guanajuato,1010,5034272,20.06248371
1997,Guerrero,262,3188433,8.21720262
1997,Hidalgo,263,2343436,11.22283689
1997,Jalisco,1469,6338294,23.17658348
1997,México,1870,12154856,15.38479765
1997,Michoacán de Ocampo,828,4152556,19.9395264
1997,Morelos,226,1550963,14.57159197
1997,Nayarit,176,918289,19.16607952
1997,Nuevo León,625,3735127,16.7330321
1997,Oaxaca,364,3596113,10.1220401
1997,Puebla,739,5042096,14.65660313
1997,Querétaro de Arteaga,200,1465233,13.64970622
1997,Quintana Roo,55,825084,6.665987948
1997,San Luis Potosí,362,2352995,15.38464808
1997,Sinaloa,372,2451312,15.17554681
1997,Sonora,388,2160460,17.95913833
1997,Tabasco,163,1882554,8.658450169
1997,Tamaulipas,398,2615528,15.21681282
1997,Tlaxcala,140,953724,14.67929925
1997,Veracruz Llave,901,7128785,12.6388999
1997,Yucatán,227,1642042,13.82425054
1997,Zacatecas,331,1428038,23.17865491
1997,Nacional,15283,97204604,15.72250631
1998,Aguascalientes,205,974940,21.02693499
1998,Baja California,269,2387650,11.26630788
1998,Baja California Sur,38,439911,8.638110891
1998,Campeche,84,673672,12.468976
1998,Coahuila de Zaragoza,393,2315412,16.97322118
1998,Colima,102,538560,18.93939394
1998,Chiapas,354,3994325,8.862573777
1998,Chihuahua,534,2868346,18.61700088
1998,Distrito Federal,1731,8912913,19.42125992
1998,Durango,308,1482259,20.77909461
1998,Guanajuato,964,5074849,18.99563908
1998,Guerrero,272,3204303,8.488585505
1998,Hidalgo,294,2359558,12.45996072
1998,Jalisco,1500,6401411,23.4323339
1998,México,1826,12424077,14.69726886
1998,Michoacán de Ocampo,874,4160121,21.00900431
1998,Morelos,225,1566306,14.36500914
1998,Nayarit,189,925239,20.4271545
1998,Nuevo León,635,3806709,16.68107544
1998,Oaxaca,349,3623477,9.631632821
1998,Puebla,624,5113198,12.20371282
1998,Querétaro de Arteaga,203,1495409,13.57488152
1998,Quintana Roo,36,862418,4.174309905
1998,San Luis Potosí,385,2367678,16.26065707
1998,Sinaloa,401,2481249,16.16121558
1998,Sonora,351,2203557,15.92879149
1998,Tabasco,211,1914591,11.02063052
1998,Tamaulipas,387,2671744,14.48492071
1998,Tlaxcala,109,973084,11.20149956
1998,Veracruz Llave,926,7173835,12.90801921
1998,Yucatán,238,1668680,14.26277057
1998,Zacatecas,349,1425943,24.47503161
1998,Nacional,15366,98485424,15.60230882
1999,Aguascalientes,228,991858,22.98716147
1999,Baja California,276,2469220,11.17761884
1999,Baja California Sur,57,453340,12.57334451
1999,Campeche,65,687422,9.455618237
1999,Coahuila de Zaragoza,372,2354430,15.80000255
1999,Colima,111,544150,20.3987871
1999,Chiapas,336,4083410,8.228416936
1999,Chihuahua,621,2926998,21.21627688
1999,Distrito Federal,1832,8928176,20.51930876
1999,Durango,300,1488305,20.15715865
1999,Guanajuato,1011,5114053,19.76905597
1999,Guerrero,323,3215867,10.04394771
1999,Hidalgo,332,2374982,13.97905331
1999,Jalisco,1619,6452167,25.09234494
1999,México,1932,12678984,15.23781401
1999,Michoacán de Ocampo,905,4158671,21.76175995
1999,Morelos,249,1577729,15.78217805
1999,Nayarit,219,930087,23.54618439
1999,Nuevo León,651,3876894,16.79179261
1999,Oaxaca,364,3654932,9.959145615
1999,Puebla,752,5188507,14.49357204
1999,Querétaro de Arteaga,247,1527014,16.17535923
1999,Quintana Roo,48,900778,5.328726945
1999,San Luis Potosí,402,2378237,16.90327751
1999,Sinaloa,449,2508118,17.90186905
1999,Sonora,452,2247827,20.10830905
1999,Tabasco,205,1946169,10.53351482
1999,Tamaulipas,438,2729528,16.04673042
1999,Tlaxcala,139,993724,13.98778735
1999,Veracruz Llave,1111,7209103,15.41107125
1999,Yucatán,239,1695601,14.09529718
1999,Zacatecas,398,1419786,28.03239361
1999,Nacional,16683,99706067,16.7321814
2000,Aguascalientes,230,1008447,22.80734635
2000,Baja California,248,2549842,9.726092832
2000,Baja California Sur,52,466455,11.14791352
2000,Campeche,67,700708,9.561757537
2000,Coahuila de Zaragoza,369,2393756,15.41510496
2000,Colima,90,550291,16.35498309
2000,Chiapas,328,4164853,7.875428016
2000,Chihuahua,614,2987927,20.54936416
2000,Distrito Federal,1707,8944935,19.08342542
2000,Durango,343,1497613,22.90311315
2000,Guanajuato,959,5143766,18.64392743
2000,Guerrero,270,3226387,8.368493922
2000,Hidalgo,296,2390284,12.38346573
2000,Jalisco,1511,6513479,23.19804823
2000,México,2070,12933002,16.00556468
2000,Michoacán de Ocampo,854,4162262,20.51768966
2000,Morelos,291,1592066,18.27813671
2000,Nayarit,179,936661,19.1104359
2000,Nuevo León,600,3950061,15.18963884
2000,Oaxaca,373,3671421,10.15955403
2000,Puebla,623,5250025,11.86661016
2000,Querétaro de Arteaga,230,1554518,14.79558294
2000,Quintana Roo,52,938812,5.53891514
2000,San Luis Potosí,373,2390310,15.60467052
2000,Sinaloa,432,2537959,17.02155157
2000,Sonora,394,2289991,17.20530779
2000,Tabasco,210,1975910,10.62801443
2000,Tamaulipas,379,2790660,13.58101668
2000,Tlaxcala,150,1011736,14.82600204
2000,Veracruz Llave,995,7232656,13.75704859
2000,Yucatán,229,1721303,13.30387503
2000,Zacatecas,397,1417715,28.00280733
2000,Nacional,15915,100895811,15.77369748
2001,Aguascalientes,285,1025563,27.78961409
2001,Baja California,250,2627368,9.515225884
2001,Baja California Sur,54,480190,11.24554864
2001,Campeche,78,714008,10.92424735
2001,Coahuila de Zaragoza,342,2433242,14.05532208
2001,Colima,90,557968,16.12995727
2001,Chiapas,327,4239830,7.712573381
2001,Chihuahua,635,3048688,20.82863186
2001,Distrito Federal,1672,8961129,18.65836325
2001,Durango,304,1511810,20.10834695
2001,Guanajuato,850,5170538,16.4392951
2001,Guerrero,373,3240532,11.51045569
2001,Hidalgo,296,2408458,12.29002125
2001,Jalisco,1411,6592401,21.40343101
2001,México,2164,13195345,16.39972278
2001,Michoacán de Ocampo,771,4176873,18.45878484
2001,Morelos,311,1611070,19.30394086
2001,Nayarit,206,946927,21.75458087
2001,Nuevo León,599,4026904,14.87495108
2001,Oaxaca,340,3677835,9.244569155
2001,Puebla,639,5301444,12.05331981
2001,Querétaro de Arteaga,241,1579076,15.26208998
2001,Quintana Roo,56,976468,5.73495496
2001,San Luis Potosí,362,2407204,15.03819369
2001,Sinaloa,389,2571178,15.12925204
2001,Sonora,402,2330502,17.24950247
2001,Tabasco,242,2004482,12.07294453
2001,Tamaulipas,405,2852000,14.20056101
2001,Tlaxcala,134,1027495,13.04142599
2001,Veracruz Llave,1125,7257778,15.5006119
2001,Yucatán,240,1746077,13.7450983
2001,Zacatecas,351,1421912,24.68507193
2001,Nacional,15944,102122295,15.61265344
2002,Aguascalientes,332,1043783,31.80737759
2002,Baja California,299,2702832,11.06247077
2002,Baja California Sur,52,495522,10.49398412
2002,Campeche,71,727546,9.758833118
2002,Coahuila de Zaragoza,383,2472921,15.48775719
2002,Colima,84,566389,14.8307965
2002,Chiapas,373,4318948,8.636362373
2002,Chihuahua,634,3107892,20.39967927
2002,Distrito Federal,1586,8973544,17.67417645
2002,Durango,280,1525797,18.35106505
2002,Guanajuato,1137,5208629,21.8291608
2002,Guerrero,338,3258145,10.37400116
2002,Hidalgo,245,2431444,10.07631679
2002,Jalisco,1645,6671656,24.65654704
2002,México,2251,13459745,16.72394239
2002,Michoacán de Ocampo,826,4193971,19.69493828
2002,Morelos,302,1629599,18.5321665
2002,Nayarit,213,958314,22.22653535
2002,Nuevo León,607,4103482,14.7923154
2002,Oaxaca,453,3696385,12.25521692
2002,Puebla,710,5364489,13.23518419
2002,Querétaro de Arteaga,315,1607589,19.59456055
2002,Quintana Roo,56,1015299,5.515616582
2002,San Luis Potosí,443,2425828,18.26180587
2002,Sinaloa,407,2602506,15.63877278
2002,Sonora,438,2373321,18.45515208
2002,Tabasco,201,2033695,9.883487937
2002,Tamaulipas,443,2911087,15.21768329
2002,Tlaxcala,145,1045455,13.86955919
2002,Veracruz Llave,1039,7294006,14.24457287
2002,Yucatán,229,1771733,12.9251981
2002,Zacatecas,314,1426392,22.01358392
2002,Nacional,16851,103417944,16.29407755
2003,Aguascalientes,327,1062250,30.78371382
2003,Baja California,264,2775926,9.510339973
2003,Baja California Sur,47,511831,9.182718515
2003,Campeche,87,741113,11.73910052
2003,Coahuila de Zaragoza,388,2512261,15.44425519
2003,Colima,89,575411,15.46720518
2003,Chiapas,460,4397267,10.46104319
2003,Chihuahua,510,3165454,16.11143299
2003,Distrito Federal,1814,8982214,20.19546628
2003,Durango,330,1540255,21.42502378
2003,Guanajuato,1106,5247781,21.07557461
2003,Guerrero,421,3276596,12.8487003
2003,Hidalgo,332,2456380,13.5158241
2003,Jalisco,1793,6752883,26.55162247
2003,México,2356,13723512,17.16761715
2003,Michoacán de Ocampo,901,4212077,21.39087201
2003,Morelos,336,1648428,20.38305586
2003,Nayarit,218,970986,22.45140507
2003,Nuevo León,662,4180268,15.83630523
2003,Oaxaca,386,3715944,10.38767
2003,Puebla,750,5428158,13.81684174
2003,Querétaro de Arteaga,318,1636560,19.43100161
2003,Quintana Roo,97,1054642,9.197433821
2003,San Luis Potosí,555,2445009,22.69930295
2003,Sinaloa,461,2633143,17.50759454
2003,Sonora,406,2416527,16.80097098
2003,Tabasco,304,2062700,14.7379648
2003,Tamaulipas,420,2968581,14.14817382
2003,Tlaxcala,145,1063593,13.63303444
2003,Veracruz Llave,1198,7333249,16.33655151
2003,Yucatán,294,1797323,16.35766081
2003,Zacatecas,342,1431569,23.88987188
2003,Nacional,18117,104719891,17.30043818
2004,Aguascalientes,302,1079814,27.96777964
2004,Baja California,294,2845936,10.33052043
2004,Baja California Sur,46,529124,8.693614351
2004,Campeche,90,754622,11.92650095
2004,Coahuila de Zaragoza,358,2550208,14.03807062
2004,Colima,100,584151,17.11886139
2004,Chiapas,460,4476586,10.27568777
2004,Chihuahua,566,3218865,17.58383778
2004,Distrito Federal,1937,8982860,21.56328831
2004,Durango,284,1551703,18.30247154
2004,Guanajuato,1171,5282560,22.16728253
2004,Guerrero,384,3291452,11.66658362
2004,Hidalgo,428,2480424,17.25511445
2004,Jalisco,1732,6823155,25.38415147
2004,México,2431,13978080,17.39151586
2004,Michoacán de Ocampo,929,4220890,22.00957618
2004,Morelos,400,1663867,24.04038304
2004,Nayarit,235,982991,23.90662783
2004,Nuevo León,642,4254706,15.0891742
2004,Oaxaca,522,3738874,13.96142261
2004,Puebla,888,5493482,16.16461108
2004,Querétaro de Arteaga,315,1666361,18.9034669
2004,Quintana Roo,74,1094787,6.759305691
2004,San Luis Potosí,513,2460435,20.84997165
2004,Sinaloa,489,2660125,18.3825948
2004,Sonora,405,2460302,16.46139376
2004,Tabasco,288,2092064,13.76630925
2004,Tamaulipas,447,3022458,14.78928739
2004,Tlaxcala,166,1082473,15.33525548
2004,Veracruz Llave,1292,7372393,17.52483895
2004,Yucatán,263,1823186,14.42529725
2004,Zacatecas,355,1432635,24.77951467
2004,Nacional,18806,105951569,17.74961917
2005,Aguascalientes,350,1096736,31.91287602
2005,Baja California,313,2912674,10.74613911
2005,Baja California Sur,53,546776,9.693183315
2005,Campeche,110,768097,14.32110788
2005,Coahuila de Zaragoza,410,2587518,15.8453004
2005,Colima,143,593827,24.08108759
2005,Chiapas,453,4549034,9.95815815
2005,Chihuahua,605,3270309,18.49978091
2005,Distrito Federal,1956,8980415,21.78073062
2005,Durango,359,1566228,22.92131158
2005,Guanajuato,1311,5307620,24.7003365
2005,Guerrero,463,3306347,14.00336988
2005,Hidalgo,407,2504490,16.25081354
2005,Jalisco,1966,6903508,28.4782751
2005,México,2637,14233514,18.52669692
2005,Michoacán de Ocampo,974,4233917,23.00470227
2005,Morelos,409,1681965,24.31679613
2005,Nayarit,242,997581,24.25868175
2005,Nuevo León,781,4330486,18.03492726
2005,Oaxaca,532,3749560,14.18833143
2005,Puebla,812,5545664,14.64206991
2005,Querétaro de Arteaga,308,1692334,18.19971708
2005,Quintana Roo,100,1134284,8.816134231
2005,San Luis Potosí,532,2477675,21.47174266
2005,Sinaloa,474,2689158,17.62633508
2005,Sonora,469,2501653,18.74760408
2005,Tabasco,319,2120331,15.04482083
2005,Tamaulipas,480,3075303,15.60821812
2005,Tlaxcala,165,1098660,15.01829501
2005,Veracruz Llave,1482,7409930,20.00018894
2005,Yucatán,302,1848087,16.34122203
2005,Zacatecas,336,1437330,23.37667759
2005,Nacional,20253,107151011,18.90136156
2006,Aguascalientes,310,1114099,27.82517532
2006,Baja California,330,2977440,11.08334677
2006,Baja California Sur,54,565024,9.557116158
2006,Campeche,114,781620,14.5850925
2006,Coahuila de Zaragoza,390,2625332,14.85526402
2006,Colima,99,605061,16.36198664
2006,Chiapas,428,4616199,9.271697342
2006,Chihuahua,671,3322439,20.19600661
2006,Distrito Federal,1912,8977954,21.29661168
2006,Durango,373,1585478,23.52602811
2006,Guanajuato,1157,5333508,21.69303955
2006,Guerrero,401,3325479,12.05841324
2006,Hidalgo,384,2531941,15.16623018
2006,Jalisco,1758,7000916,25.11099976
2006,México,2445,14497023,16.86553163
2006,Michoacán de Ocampo,1037,4258725,24.35001086
2006,Morelos,354,1704544,20.76801772
2006,Nayarit,215,1015912,21.16325036
2006,Nuevo León,656,4408836,14.87921075
2006,Oaxaca,466,3753744,12.41427226
2006,Puebla,914,5590760,16.34840344
2006,Querétaro de Arteaga,284,1716842,16.54199979
2006,Quintana Roo,85,1174644,7.236234978
2006,San Luis Potosí,467,2499894,18.68079207
2006,Sinaloa,482,2721660,17.70978006
2006,Sonora,413,2542078,16.24655105
2006,Tabasco,293,2147091,13.64637083
2006,Tamaulipas,428,3129386,13.67680433
2006,Tlaxcala,193,1113144,17.33827789
2006,Veracruz Llave,1415,7451476,18.98952637
2006,Yucatán,246,1872573,13.13700454
2006,Zacatecas,408,1448005,28.17669828
2006,Nacional,19182,108408827,17.69413112
2007,Aguascalientes,306,1133032,27.00718073
2007,Baja California,308,3041783,10.12564013
2007,Baja California Sur,54,584639,9.236469001
2007,Campeche,109,795450,13.70293545
2007,Coahuila de Zaragoza,339,2664019,12.72513447
2007,Colima,103,617146,16.68972982
2007,Chiapas,500,4688014,10.66549716
2007,Chihuahua,623,3376544,18.45081835
2007,Distrito Federal,2036,8973450,22.68915523
2007,Durango,345,1605415,21.48977056
2007,Guanajuato,1182,5377044,21.98233825
2007,Guerrero,436,3349840,13.01554701
2007,Hidalgo,421,2565231,16.41177734
2007,Jalisco,1749,7101648,24.62808633
2007,México,2453,14765300,16.61327572
2007,Michoacán de Ocampo,990,4290259,23.07552994
2007,Morelos,337,1727522,19.50771105
2007,Nayarit,216,1035898,20.85147379
2007,Nuevo León,740,4487206,16.49133113
2007,Oaxaca,515,3773572,13.64754667
2007,Puebla,985,5651042,17.43041372
2007,Querétaro de Arteaga,291,1746996,16.65716464
2007,Quintana Roo,116,1218194,9.522292837
2007,San Luis Potosí,546,2525095,21.62294884
2007,Sinaloa,456,2753754,16.55921335
2007,Sonora,414,2586060,16.00890931
2007,Tabasco,342,2174464,15.72801389
2007,Tamaulipas,488,3184546,15.32400537
2007,Tlaxcala,185,1130405,16.36581579
2007,Veracruz Llave,1410,7505280,18.78677411
2007,Yucatán,283,1898633,14.90546093
2007,Zacatecas,432,1459907,29.590926
2007,Nacional,19710,109787388,17.9528818
2008,Aguascalientes,351,1154011,30.41565462
2008,Baja California,342,3105709,11.01197826
2008,Baja California Sur,60,605343,9.911735991
2008,Campeche,134,809636,16.55064745
2008,Coahuila de Zaragoza,403,2703905,14.90436979
2008,Colima,121,630606,19.18789228
2008,Chiapas,477,4762080,10.01663139
2008,Chihuahua,719,3431517,20.95283223
2008,Distrito Federal,2044,8969421,22.78853897
2008,Durango,426,1628321,26.16191771
2008,Guanajuato,1325,5437620,24.36727833
2008,Guerrero,465,3380933,13.75359997
2008,Hidalgo,456,2605175,17.5036226
2008,Jalisco,1738,7213583,24.09343595
2008,México,2440,15040385,16.22298897
2008,Michoacán de Ocampo,1042,4333681,24.04422476
2008,Morelos,396,1753157,22.587823
2008,Nayarit,221,1058677,20.87511111
2008,Nuevo León,702,4566871,15.37157498
2008,Oaxaca,527,3804078,13.853554
2008,Puebla,958,5722490,16.74096416
2008,Querétaro de Arteaga,307,1780583,17.24154392
2008,Quintana Roo,114,1261970,9.033495249
2008,San Luis Potosí,550,2555735,21.52022804
2008,Sinaloa,571,2787098,20.48725951
2008,Sonora,498,2632192,18.91959249
2008,Tabasco,319,2202203,14.48549475
2008,Tamaulipas,527,3239174,16.26957984
2008,Tlaxcala,175,1149453,15.22463293
2008,Veracruz Llave,1404,7571413,18.54343436
2008,Yucatán,309,1925861,16.04477166
2008,Zacatecas,444,1476134,30.0785701
2008,Nacional,20565,111299015,18.47725247
2009,Aguascalientes,313,1175942,26.616959
2009,Baja California,387,3168319,12.21467914
2009,Baja California Sur,63,626900,10.04944967
2009,Campeche,137,824071,16.62478112
2009,Coahuila de Zaragoza,404,2743966,14.7232145
2009,Colima,115,645050,17.82807534
2009,Chiapas,550,4836326,11.37226895
2009,Chihuahua,731,3485093,20.97505002
2009,Distrito Federal,2194,8961594,24.48225171
2009,Durango,395,1650042,23.93878459
2009,Guanajuato,1172,5503354,21.29610416
2009,Guerrero,529,3415204,15.48955787
2009,Hidalgo,513,2649264,19.36386861
2009,Jalisco,2048,7331993,27.932378
2009,México,2514,15315644,16.4145889
2009,Michoacán de Ocampo,1148,4381615,26.20038502
2009,Morelos,370,1779708,20.78992734
2009,Nayarit,231,1083772,21.31444621
2009,Nuevo León,684,4646180,14.72177143
2009,Oaxaca,637,3838339,16.59572018
2009,Puebla,1143,5796436,19.71901355
2009,Querétaro de Arteaga,286,1815459,15.75359179
2009,Quintana Roo,108,1305885,8.270253506
2009,San Luis Potosí,545,2589037,21.05029785
2009,Sinaloa,499,2820908,17.68933974
2009,Sonora,486,2679501,18.13770549
2009,Tabasco,346,2229667,15.51801233
2009,Tamaulipas,700,3290198,21.27531535
2009,Tlaxcala,238,1168846,20.36196385
2009,Veracruz Llave,1556,7646283,20.34975687
2009,Yucatán,250,1953829,12.79538793
2009,Zacatecas,410,1494169,27.44000177
2009,Nacional,21702,112852594,19.23039536
2010,Aguascalientes,366,1195787,30.60745768
2010,Baja California,362,3224844,11.2253492
2010,Baja California Sur,66,649616,10.15984828
2010,Campeche,150,836748,17.92654419
2010,Coahuila de Zaragoza,486,2782013,17.46936481
2010,Colima,109,658910,16.54247166
2010,Chiapas,648,4903755,13.21436328
2010,Chihuahua,719,3525273,20.39558355
2010,Distrito Federal,2307,8944599,25.79210091
2010,Durango,370,1669815,22.15814327
2010,Guanajuato,1448,5558502,26.05018402
2010,Guerrero,537,3444264,15.59113936
2010,Hidalgo,530,2690086,19.70197235
2010,Jalisco,2261,7442625,30.37906653
2010,México,2844,15571679,18.26392645
2010,Michoacán de Ocampo,1260,4420271,28.50503962
2010,Morelos,446,1803340,24.73188639
2010,Nayarit,283,1108860,25.52170698
2010,Nuevo León,733,4723273,15.51889971
2010,Oaxaca,602,3868109,15.56316019
2010,Puebla,1181,5863823,20.14044421
2010,Querétaro de Arteaga,316,1848191,17.09779996
2010,Quintana Roo,124,1350945,9.178760053
2010,San Luis Potosí,592,2616459,22.62599949
2010,Sinaloa,595,2851334,20.86742556
2010,Sonora,541,2727032,19.83841774
2010,Tabasco,417,2252641,18.51160482
2010,Tamaulipas,632,3334664,18.95243419
2010,Tlaxcala,242,1186143,20.40226178
2010,Veracruz Llave,1772,7712247,22.97644253
2010,Yucatán,362,1980690,18.27645921
2010,Zacatecas,479,1509019,31.7424764
2010,Nacional,23780,114255557,20.81299205
2011,Aguascalientes,297,1215094,24.44255342
2011,Baja California,427,3275399,13.03657967
2011,Baja California Sur,78,672682,11.59537493
2011,Campeche,146,852373,17.12865142
2011,Coahuila de Zaragoza,393,2818077,13.94567998
2011,Colima,119,672263,17.70140555
2011,Chiapas,546,4980633,10.962462
2011,Chihuahua,678,3559248,19.04896765
2011,Distrito Federal,2303,8928400,25.79409525
2011,Durango,369,1690418,21.82892042
2011,Guanajuato,1234,5614698,21.97802981
2011,Guerrero,574,3473454,16.5253376
2011,Hidalgo,614,2730570,22.48614758
2011,Jalisco,2200,7543233,29.16521338
2011,México,2771,15845558,17.48755077
2011,Michoacán de Ocampo,1235,4458100,27.70238442
2011,Morelos,406,1827187,22.21994793
2011,Nayarit,275,1132215,24.28867309
2011,Nuevo León,650,4797263,13.54939264
2011,Oaxaca,658,3901419,16.86565837
2011,Puebla,1117,5935014,18.82051163
2011,Querétaro de Arteaga,261,1881105,13.87482357
2011,Quintana Roo,140,1395357,10.03327464
2011,San Luis Potosí,599,2647570,22.62451984
2011,Sinaloa,581,2878525,20.18394838
2011,Sonora,514,2767364,18.5736318
2011,Tabasco,349,2283140,15.28596582
2011,Tamaulipas,512,3376515,15.16356362
2011,Tlaxcala,253,1206291,20.97338039
2011,Veracruz Llave,1546,7791801,19.84136915
2011,Yucatán,315,2009160,15.67819387
2011,Zacatecas,421,1522741,27.64751195
2011,Nacional,22581,115682867,19.51974444
2012,Aguascalientes,277,1233921,22.44876293
2012,Baja California,382,3328623,11.47621704
2012,Baja California Sur,78,695409,11.21642084
2012,Campeche,115,866375,13.27369788
2012,Coahuila de Zaragoza,365,2854334,12.78757146
2012,Colima,134,685394,19.55079852
2012,Chiapas,609,5050568,12.05804971
2012,Chihuahua,666,3598792,18.50620986
2012,Distrito Federal,2169,8911665,24.33888617
2012,Durango,384,1709741,22.45954212
2012,Guanajuato,1202,5668181,21.20609769
2012,Guerrero,578,3499507,16.5166122
2012,Hidalgo,584,2768973,21.0908521
2012,Jalisco,2015,7644152,26.36002005
2012,México,2891,16106485,17.94929185
2012,Michoacán de Ocampo,1146,4494730,25.49652593
2012,Morelos,403,1850812,21.77422666
2012,Nayarit,260,1155448,22.50209443
2012,Nuevo León,682,4868844,14.00743174
2012,Oaxaca,632,3930833,16.07801705
2012,Puebla,1118,6002161,18.62662464
2012,Querétaro de Arteaga,286,1912803,14.95187952
2012,Quintana Roo,112,1440115,7.777156685
2012,San Luis Potosí,659,2675311,24.63265019
2012,Sinaloa,537,2905750,18.48059881
2012,Sonora,521,2809806,18.5422054
2012,Tabasco,362,2309071,15.67730052
2012,Tamaulipas,553,3419338,16.17272115
2012,Tlaxcala,225,1224637,18.37279128
2012,Veracruz Llave,1750,7858604,22.26858613
2012,Yucatán,287,2036694,14.09146391
2012,Zacatecas,448,1536674,29.15387389
2012,Nacional,22430,117053751,19.16213689
2013,Aguascalientes,365,1252265,29.1471853
2013,Baja California,415,3381080,12.27418458
2013,Baja California Sur,80,718196,11.13902055
2013,Campeche,139,880299,15.7900895
2013,Coahuila de Zaragoza,427,2890108,14.77453438
2013,Colima,146,698295,20.90806894
2013,Chiapas,686,5119186,13.40056798
2013,Chihuahua,717,3635966,19.71965634
2013,Distrito Federal,1825,8893742,20.52004657
2013,Durango,380,1728429,21.98528259
2013,Guanajuato,1279,5719709,22.36127747
2013,Guerrero,589,3523858,16.71463493
2013,Hidalgo,635,2806334,22.62738505
2013,Jalisco,2369,7742303,30.59813081
2013,México,2990,16364210,18.2715817
2013,Michoacán de Ocampo,1257,4529914,27.74887117
2013,Morelos,411,1874188,21.92949693
2013,Nayarit,253,1178403,21.46973489
2013,Nuevo León,773,4941059,15.64441955
2013,Oaxaca,695,3959042,17.55475188
2013,Puebla,1277,6067607,21.04618839
2013,Querétaro de Arteaga,316,1943889,16.25607223
2013,Quintana Roo,116,1484960,7.811658226
2013,San Luis Potosí,737,2702145,27.27462812
2013,Sinaloa,602,2932313,20.5298684
2013,Sonora,536,2851462,18.79737482
2013,Tabasco,403,2334493,17.26284894
2013,Tamaulipas,557,3461336,16.09205232
2013,Tlaxcala,258,1242734,20.76067767
2013,Veracruz Llave,1970,7923198,24.86369771
2013,Yucatán,356,2064151,17.24680026
2013,Zacatecas,492,1550179,31.73827023
2013,Nacional,24051,118395053,20.31419336
