Periodo,Entidad de Residencia,Defunciones por Neoplasias Malignas,Poblacion Total,Tasa de Mortalidad por Neoplasias Malignas
1990,Aguascalientes,378,824227,45.86115233
1990,Baja California,987,1732550,56.96805287
1990,Baja California Sur,174,339387,51.26890541
1990,Campeche,217,553106,39.23298608
1990,Coahuila de Zaragoza,1247,2005016,62.1940174
1990,Colima,243,473115,51.36171967
1990,Chiapas,1078,3314875,32.52007994
1990,Chihuahua,1573,2408000,65.32392027
1990,Distrito Federal,5287,8695562,60.80113051
1990,Durango,695,1389199,50.02882956
1990,Guanajuato,1751,4657092,37.59857009
1990,Guerrero,711,3021955,23.5278156
1990,Hidalgo,815,2207154,36.92537992
1990,Jalisco,3329,5765386,57.74114691
1990,México,3575,10083763,35.45303475
1990,Michoacán de Ocampo,1818,3978777,45.69243262
1990,Morelos,625,1397700,44.71631967
1990,Nayarit,471,851666,55.3033701
1990,Nuevo León,1901,3236128,58.74304107
1990,Oaxaca,1154,3361672,34.32815575
1990,Puebla,1735,4494848,38.59974798
1990,Querétaro de Arteaga,415,1245271,33.32607922
1990,Quintana Roo,124,574852,21.57076952
1990,San Luis Potosí,990,2202098,44.95712725
1990,Sinaloa,1341,2215227,60.53555685
1990,Sonora,1226,1858664,65.96135719
1990,Tabasco,598,1637553,36.51790202
1990,Tamaulipas,1482,2252956,65.78024604
1990,Tlaxcala,287,817427,35.11016886
1990,Veracruz Llave,3126,6615976,47.24926451
1990,Yucatán,886,1444723,61.32663493
1990,Zacatecas,725,1408922,51.4577812
1990,Nacional,40964,87064847,47.04998792
1991,Aguascalientes,369,844162,43.71198893
1991,Baja California,1060,1815903,58.373162
1991,Baja California Sur,177,351246,50.39203293
1991,Campeche,235,568384,41.34528769
1991,Coahuila de Zaragoza,1222,2042564,59.82676675
1991,Colima,247,483048,51.13363475
1991,Chiapas,1128,3395180,33.22356988
1991,Chihuahua,1583,2465322,64.21067917
1991,Distrito Federal,5393,8738833,61.71304567
1991,Durango,721,1402493,51.40845623
1991,Guanajuato,1804,4718814,38.22994507
1991,Guerrero,748,3049039,24.53231986
1991,Hidalgo,784,2227905,35.19001035
1991,Jalisco,3376,5861907,57.59217947
1991,México,3790,10403594,36.42971842
1991,Michoacán de Ocampo,1968,4015276,49.01282004
1991,Morelos,655,1423487,46.0137676
1991,Nayarit,525,862823,60.84677854
1991,Nuevo León,2036,3308191,61.54420951
1991,Oaxaca,1279,3396857,37.65245343
1991,Puebla,1762,4575107,38.51276047
1991,Querétaro de Arteaga,408,1277558,31.93592776
1991,Quintana Roo,115,610571,18.83482838
1991,San Luis Potosí,967,2227649,43.40899307
1991,Sinaloa,1248,2251748,55.42360868
1991,Sonora,1255,1901710,65.99323767
1991,Tabasco,614,1675650,36.64249694
1991,Tamaulipas,1372,2300861,59.62985161
1991,Tlaxcala,289,836761,34.53793855
1991,Veracruz Llave,3055,6709491,45.53251506
1991,Yucatán,873,1474038,59.22506747
1991,Zacatecas,699,1414769,49.40735908
1991,Nacional,41757,88630941,47.11334386
1992,Aguascalientes,369,863697,42.72331616
1992,Baja California,1018,1895648,53.70195311
1992,Baja California Sur,224,363307,61.65584478
1992,Campeche,277,583930,47.43719281
1992,Coahuila de Zaragoza,1298,2080707,62.38264205
1992,Colima,280,492181,56.88964019
1992,Chiapas,1239,3476913,35.63505903
1992,Chihuahua,1525,2521954,60.46898556
1992,Distrito Federal,5524,8772275,62.97112209
1992,Durango,642,1415393,45.35842695
1992,Guanajuato,1895,4777030,39.66899936
1992,Guerrero,835,3075833,27.14711755
1992,Hidalgo,807,2248684,35.88765696
1992,Jalisco,3667,5951246,61.6173487
1992,México,3886,10706626,36.29528107
1992,Michoacán de Ocampo,2046,4047191,50.55358148
1992,Morelos,719,1448069,49.6523301
1992,Nayarit,481,873510,55.06519674
1992,Nuevo León,1961,3378692,58.04021201
1992,Oaxaca,1321,3433323,38.47584396
1992,Puebla,1779,4654771,38.21885115
1992,Querétaro de Arteaga,422,1309252,32.23214477
1992,Quintana Roo,153,645180,23.71431228
1992,San Luis Potosí,1083,2251877,48.09321291
1992,Sinaloa,1345,2286742,58.81730427
1992,Sonora,1314,1944455,67.57677601
1992,Tabasco,628,1711673,36.68925081
1992,Tamaulipas,1455,2350664,61.89740431
1992,Tlaxcala,292,856069,34.10940006
1992,Veracruz Llave,3335,6793533,49.09080445
1992,Yucatán,882,1502887,58.687047
1992,Zacatecas,706,1419273,49.74377727
1992,Nacional,43408,90132585,48.16016316
1993,Aguascalientes,387,882995,43.82810775
1993,Baja California,1090,1976271,55.15437913
1993,Baja California Sur,227,375535,60.44709548
1993,Campeche,247,599335,41.21234368
1993,Coahuila de Zaragoza,1243,2119320,58.65088802
1993,Colima,289,500880,57.69845073
1993,Chiapas,1375,3559521,38.62879303
1993,Chihuahua,1602,2578946,62.11840031
1993,Distrito Federal,5528,8801777,62.80549939
1993,Durango,657,1427650,46.0196827
1993,Guanajuato,1921,4833834,39.740711
1993,Guerrero,847,3100542,27.31780444
1993,Hidalgo,887,2268750,39.09641873
1993,Jalisco,3593,6036556,59.52069359
1993,México,4129,11004587,37.5207175
1993,Michoacán de Ocampo,1998,4075275,49.02736625
1993,Morelos,684,1471328,46.48861437
1993,Nayarit,509,883537,57.60935875
1993,Nuevo León,2061,3448999,59.75646847
1993,Oaxaca,1420,3468037,40.94535324
1993,Puebla,2001,4734278,42.2662125
1993,Querétaro de Arteaga,434,1340778,32.3692662
1993,Quintana Roo,138,680236,20.28707684
1993,San Luis Potosí,1109,2274743,48.7527602
1993,Sinaloa,1404,2320874,60.49445166
1993,Sonora,1342,1987353,67.52700703
1993,Tabasco,736,1746827,42.13353698
1993,Tamaulipas,1455,2401107,60.59704961
1993,Tlaxcala,357,875468,40.77818949
1993,Veracruz Llave,3446,6871335,50.15037107
1993,Yucatán,848,1531251,55.37955567
1993,Zacatecas,719,1422730,50.53664434
1993,Nacional,44683,91600655,48.78021888
1994,Aguascalientes,454,902128,50.32545271
1994,Baja California,1129,2058198,54.85380901
1994,Baja California Sur,194,387994,50.00077321
1994,Campeche,325,614694,52.87183542
1994,Coahuila de Zaragoza,1280,2158403,59.30310512
1994,Colima,286,509258,56.16013887
1994,Chiapas,1349,3644811,37.01152131
1994,Chihuahua,1635,2636937,62.00375663
1994,Distrito Federal,5484,8828375,62.11788693
1994,Durango,685,1439646,47.58114148
1994,Guanajuato,1968,4889078,40.2529884
1994,Guerrero,1008,3124968,32.2563303
1994,Hidalgo,926,2288570,40.46194785
1994,Jalisco,3819,6118571,62.41653484
1994,México,4294,11300207,37.99930391
1994,Michoacán de Ocampo,1988,4100535,48.48147864
1994,Morelos,693,1493515,46.40060528
1994,Nayarit,551,893093,61.69570246
1994,Nuevo León,2074,3519985,58.92070563
1994,Oaxaca,1424,3501881,40.66386037
1994,Puebla,2045,4815366,42.46821529
1994,Querétaro de Arteaga,468,1372231,34.105045
1994,Quintana Roo,161,715788,22.49269337
1994,San Luis Potosí,1127,2296679,49.07085405
1994,Sinaloa,1505,2354573,63.91817115
1994,Sonora,1398,2030370,68.85444525
1994,Tabasco,726,1781609,40.74968189
1994,Tamaulipas,1566,2452645,63.84943602
1994,Tlaxcala,339,895027,37.87595235
1994,Veracruz Llave,3530,6945101,50.82719459
1994,Yucatán,937,1559473,60.08440031
1994,Zacatecas,724,1425591,50.78595474
1994,Nacional,46092,93055300,49.53183752
1995,Aguascalientes,406,921048,44.08022166
1995,Baja California,1211,2141231,56.55625199
1995,Baja California Sur,234,400667,58.40261364
1995,Campeche,292,629897,46.35678532
1995,Coahuila de Zaragoza,1330,2197744,60.51660248
1995,Colima,291,517359,56.24720938
1995,Chiapas,1497,3732019,40.11233598
1995,Chihuahua,1769,2695309,65.632549
1995,Distrito Federal,5747,8853087,64.9152098
1995,Durango,694,1451581,47.80993965
1995,Guanajuato,2094,4941687,42.37419327
1995,Guerrero,1011,3148736,32.10812212
1995,Hidalgo,921,2308109,39.90279489
1995,Jalisco,3899,6197229,62.91521582
1995,México,4361,11591879,37.62116565
1995,Michoacán de Ocampo,2224,4123078,53.94028442
1995,Morelos,756,1514605,49.91400398
1995,Nayarit,610,902312,67.60411033
1995,Nuevo León,2186,3591906,60.85905366
1995,Oaxaca,1487,3535280,42.06173203
1995,Puebla,2100,4895089,42.9001393
1995,Querétaro de Arteaga,531,1403630,37.83048239
1995,Quintana Roo,167,751792,22.21359099
1995,San Luis Potosí,1103,2317524,47.59389763
1995,Sinaloa,1475,2387913,61.76941957
1995,Sonora,1389,2073741,66.98039919
1995,Tabasco,712,1816022,39.20657349
1995,Tamaulipas,1545,2505876,61.65508589
1995,Tlaxcala,365,914661,39.90549504
1995,Veracruz Llave,3817,7013920,54.42035267
1995,Yucatán,915,1587453,57.63950177
1995,Zacatecas,726,1427952,50.84204511
1995,Nacional,47865,94490336,50.65597396
1996,Aguascalientes,471,939507,50.13267597
1996,Baja California,1184,2224286,53.23056477
1996,Baja California Sur,216,413575,52.22752826
1996,Campeche,310,644818,48.07558102
1996,Coahuila de Zaragoza,1378,2237025,61.5996692
1996,Colima,289,524947,55.0531768
1996,Chiapas,1476,3819739,38.64138361
1996,Chihuahua,1760,2753282,63.92370996
1996,Distrito Federal,5878,8875396,66.22803084
1996,Durango,761,1462829,52.0224852
1996,Guanajuato,2082,4990233,41.72149878
1996,Guerrero,1153,3170156,36.37044991
1996,Hidalgo,959,2326530,41.22018629
1996,Jalisco,3947,6270725,62.94328008
1996,México,4886,11876981,41.13840041
1996,Michoacán de Ocampo,2237,4140754,54.02397728
1996,Morelos,815,1533870,53.13357716
1996,Nayarit,585,910767,64.23157624
1996,Nuevo León,2200,3663689,60.04876506
1996,Oaxaca,1601,3566944,44.88436039
1996,Puebla,2177,4969986,43.80294029
1996,Querétaro de Arteaga,520,1434671,36.24524368
1996,Quintana Roo,201,788218,25.50055949
1996,San Luis Potosí,1193,2336411,51.06122168
1996,Sinaloa,1536,2420265,63.4641248
1996,Sonora,1463,2117226,69.09985046
1996,Tabasco,785,1849738,42.43844263
1996,Tamaulipas,1568,2560332,61.24205767
1996,Tlaxcala,386,934238,41.31709479
1996,Veracruz Llave,3797,7075631,53.66305846
1996,Yucatán,987,1614983,61.1151944
1996,Zacatecas,790,1428912,55.28681962
1996,Nacional,49591,95876664,51.72374375
1997,Aguascalientes,481,957443,50.23797761
1997,Baja California,1198,2306424,51.94188059
1997,Baja California Sur,232,426653,54.37674176
1997,Campeche,356,659417,53.98708253
1997,Coahuila de Zaragoza,1400,2276268,61.50418141
1997,Colima,345,531965,64.85389076
1997,Chiapas,1579,3907302,40.41151669
1997,Chihuahua,1909,2810765,67.91745308
1997,Distrito Federal,6079,8895216,68.34010551
1997,Durango,730,1472961,49.56003587
1997,Guanajuato,2148,5034272,42.66753962
1997,Guerrero,1242,3188433,38.95330402
1997,Hidalgo,966,2343436,41.22152258
1997,Jalisco,3956,6338294,62.4142711
1997,México,4944,12154856,40.67510138
1997,Michoacán de Ocampo,2169,4152556,52.23288982
1997,Morelos,848,1550963,54.67570793
1997,Nayarit,623,918289,67.84356559
1997,Nuevo León,2303,3735127,61.65787669
1997,Oaxaca,1657,3596113,46.07752871
1997,Puebla,2185,5042096,43.33515268
1997,Querétaro de Arteaga,524,1465233,35.76223031
1997,Quintana Roo,200,825084,24.23995617
1997,San Luis Potosí,1179,2352995,50.10635382
1997,Sinaloa,1565,2451312,63.84336225
1997,Sonora,1538,2160460,71.18854318
1997,Tabasco,854,1882554,45.36390457
1997,Tamaulipas,1624,2615528,62.09071361
1997,Tlaxcala,421,953724,44.14274989
1997,Veracruz Llave,3983,7128785,55.87207357
1997,Yucatán,964,1642042,58.70738994
1997,Zacatecas,747,1428038,52.30953238
1997,Nacional,50949,97204604,52.414184
1998,Aguascalientes,499,974940,51.18263688
1998,Baja California,1354,2387650,56.70847905
1998,Baja California Sur,242,439911,55.01112725
1998,Campeche,348,673672,51.65718629
1998,Coahuila de Zaragoza,1389,2315412,59.98932371
1998,Colima,321,538560,59.60338681
1998,Chiapas,1603,3994325,40.13193719
1998,Chihuahua,1864,2868346,64.98518658
1998,Distrito Federal,6240,8912913,70.01078099
1998,Durango,777,1482259,52.41998868
1998,Guanajuato,2202,5074849,43.39045359
1998,Guerrero,1136,3204303,35.4523277
1998,Hidalgo,1029,2359558,43.60986253
1998,Jalisco,4005,6401411,62.56433152
1998,México,5082,12424077,40.90444707
1998,Michoacán de Ocampo,2297,4160121,55.21474015
1998,Morelos,863,1566306,55.0977906
1998,Nayarit,578,925239,62.4703455
1998,Nuevo León,2400,3806709,63.04658433
1998,Oaxaca,1686,3623477,46.5298938
1998,Puebla,2286,5113198,44.70783255
1998,Querétaro de Arteaga,580,1495409,38.78537577
1998,Quintana Roo,240,862418,27.8287327
1998,San Luis Potosí,1242,2367678,52.45645734
1998,Sinaloa,1648,2481249,66.41816279
1998,Sonora,1523,2203557,69.11552549
1998,Tabasco,897,1914591,46.85073731
1998,Tamaulipas,1643,2671744,61.49541273
1998,Tlaxcala,382,973084,39.25663149
1998,Veracruz Llave,4109,7173835,57.27759281
1998,Yucatán,1008,1668680,60.40702831
1998,Zacatecas,846,1425943,59.32915972
1998,Nacional,52319,98485424,53.12359725
1999,Aguascalientes,484,991858,48.79730768
1999,Baja California,1324,2469220,53.62017155
1999,Baja California Sur,254,453340,56.02858781
1999,Campeche,319,687422,46.40526489
1999,Coahuila de Zaragoza,1396,2354430,59.29248268
1999,Colima,300,544150,55.13185702
1999,Chiapas,1681,4083410,41.16657402
1999,Chihuahua,1952,2926998,66.68948868
1999,Distrito Federal,6232,8928176,69.80149137
1999,Durango,810,1488305,54.42432835
1999,Guanajuato,2332,5114053,45.59984028
1999,Guerrero,1197,3215867,37.22168858
1999,Hidalgo,1130,2374982,47.57930797
1999,Jalisco,4150,6452167,64.31947592
1999,México,5251,12678984,41.41499035
1999,Michoacán de Ocampo,2282,4158671,54.87329967
1999,Morelos,843,1577729,53.43122932
1999,Nayarit,560,930087,60.20942127
1999,Nuevo León,2525,3876894,65.12945672
1999,Oaxaca,1746,3654932,47.7710666
1999,Puebla,2358,5188507,45.44659957
1999,Querétaro de Arteaga,598,1527014,39.16139603
1999,Quintana Roo,286,900778,31.75033138
1999,San Luis Potosí,1332,2378237,56.00787474
1999,Sinaloa,1635,2508118,65.18832049
1999,Sonora,1551,2247827,68.99997197
1999,Tabasco,878,1946169,45.11427322
1999,Tamaulipas,1682,2729528,61.62237574
1999,Tlaxcala,424,993724,42.66778301
1999,Veracruz Llave,4079,7209103,56.5812418
1999,Yucatán,989,1695601,58.32740132
1999,Zacatecas,737,1419786,51.90923139
1999,Nacional,53317,99706067,53.47417826
2000,Aguascalientes,469,1008447,46.50715407
2000,Baja California,1371,2549842,53.76803739
2000,Baja California Sur,273,466455,58.52654597
2000,Campeche,341,700708,48.66506448
2000,Coahuila de Zaragoza,1542,2393756,64.4175931
2000,Colima,352,550291,63.96615609
2000,Chiapas,1856,4164853,44.56339756
2000,Chihuahua,2026,2987927,67.80620812
2000,Distrito Federal,6193,8944935,69.23471216
2000,Durango,770,1497613,51.41515198
2000,Guanajuato,2329,5143766,45.27810946
2000,Guerrero,1241,3226387,38.46407762
2000,Hidalgo,991,2390284,41.45950858
2000,Jalisco,4216,6513479,64.72731393
2000,México,5354,12933002,41.39796777
2000,Michoacán de Ocampo,2449,4162262,58.83819904
2000,Morelos,931,1592066,58.47747518
2000,Nayarit,649,936661,69.28867541
2000,Nuevo León,2560,3950061,64.80912573
2000,Oaxaca,1722,3671421,46.90282046
2000,Puebla,2390,5250025,45.52359274
2000,Querétaro de Arteaga,639,1554518,41.10598912
2000,Quintana Roo,255,938812,27.1619877
2000,San Luis Potosí,1294,2390310,54.13523769
2000,Sinaloa,1702,2537959,67.06176104
2000,Sonora,1639,2289991,71.57233369
2000,Tabasco,886,1975910,44.84009899
2000,Tamaulipas,1757,2790660,62.96001663
2000,Tlaxcala,365,1011736,36.07660496
2000,Veracruz Llave,4269,7232656,59.02396022
2000,Yucatán,1009,1721303,58.61838386
2000,Zacatecas,810,1417715,57.13419129
2000,Nacional,54650,100895811,54.16478589
2001,Aguascalientes,505,1025563,49.24124603
2001,Baja California,1408,2627368,53.58975218
2001,Baja California Sur,277,480190,57.68549949
2001,Campeche,326,714008,45.65775173
2001,Coahuila de Zaragoza,1488,2433242,61.15298026
2001,Colima,340,557968,60.93539414
2001,Chiapas,1911,4239830,45.07256187
2001,Chihuahua,2075,3048688,68.06206473
2001,Distrito Federal,6324,8961129,70.57146482
2001,Durango,872,1511810,57.67920572
2001,Guanajuato,2287,5170538,44.23137399
2001,Guerrero,1352,3240532,41.72154449
2001,Hidalgo,1157,2408458,48.03903576
2001,Jalisco,4127,6592401,62.60238114
2001,México,5705,13195345,43.23494384
2001,Michoacán de Ocampo,2425,4176873,58.05778629
2001,Morelos,905,1611070,56.17384719
2001,Nayarit,622,946927,65.68616166
2001,Nuevo León,2493,4026904,61.90860274
2001,Oaxaca,1805,3677835,49.07778625
2001,Puebla,2415,5301444,45.55362652
2001,Querétaro de Arteaga,653,1579076,41.35329775
2001,Quintana Roo,298,976468,30.51815318
2001,San Luis Potosí,1321,2407204,54.87694437
2001,Sinaloa,1652,2571178,64.25070532
2001,Sonora,1656,2330502,71.05765196
2001,Tabasco,1010,2004482,50.38708255
2001,Tamaulipas,1802,2852000,63.18373072
2001,Tlaxcala,441,1027495,42.91991689
2001,Veracruz Llave,4360,7257778,60.07348255
2001,Yucatán,1038,1746077,59.44755014
2001,Zacatecas,841,1421912,59.14571366
2001,Nacional,55891,102122295,54.729479
2002,Aguascalientes,573,1043783,54.89646794
2002,Baja California,1466,2702832,54.23940519
2002,Baja California Sur,296,495522,59.73498654
2002,Campeche,381,727546,52.36782279
2002,Coahuila de Zaragoza,1587,2472921,64.17511922
2002,Colima,361,566389,63.73711354
2002,Chiapas,1923,4318948,44.52473149
2002,Chihuahua,2160,3107892,69.50048457
2002,Distrito Federal,6357,8973544,70.84157608
2002,Durango,855,1525797,56.03628792
2002,Guanajuato,2487,5208629,47.74768946
2002,Guerrero,1334,3258145,40.94354303
2002,Hidalgo,1239,2431444,50.95737348
2002,Jalisco,4345,6671656,65.12625951
2002,México,5980,13459745,44.42877633
2002,Michoacán de Ocampo,2477,4193971,59.06097109
2002,Morelos,968,1629599,59.40111647
2002,Nayarit,644,958314,67.20135571
2002,Nuevo León,2670,4103482,65.06669214
2002,Oaxaca,1971,3696385,53.32236766
2002,Puebla,2586,5364489,48.20589622
2002,Querétaro de Arteaga,672,1607589,41.80172917
2002,Quintana Roo,304,1015299,29.94191859
2002,San Luis Potosí,1345,2425828,55.44498621
2002,Sinaloa,1760,2602506,67.62712555
2002,Sonora,1653,2373321,69.64923835
2002,Tabasco,1060,2033695,52.12187668
2002,Tamaulipas,1901,2911087,65.30206758
2002,Tlaxcala,465,1045455,44.47824153
2002,Veracruz Llave,4543,7294006,62.28401786
2002,Yucatán,1056,1771733,59.60266022
2002,Zacatecas,905,1426392,63.44679443
2002,Nacional,58324,103417944,56.39640254
2003,Aguascalientes,568,1062250,53.47140504
2003,Baja California,1649,2775926,59.40360082
2003,Baja California Sur,324,511831,63.30214465
2003,Campeche,360,741113,48.57558834
2003,Coahuila de Zaragoza,1606,2512261,63.92647898
2003,Colima,359,575411,62.39018719
2003,Chiapas,2046,4397267,46.52890079
2003,Chihuahua,2217,3165454,70.03734693
2003,Distrito Federal,6634,8982214,73.85706909
2003,Durango,795,1540255,51.61483001
2003,Guanajuato,2536,5247781,48.32518735
2003,Guerrero,1472,3276596,44.92467182
2003,Hidalgo,1285,2456380,52.31275291
2003,Jalisco,4407,6752883,65.26101518
2003,México,6295,13723512,45.8701825
2003,Michoacán de Ocampo,2485,4212077,58.99702213
2003,Morelos,999,1648428,60.60319286
2003,Nayarit,668,970986,68.79604855
2003,Nuevo León,2691,4180268,64.37386311
2003,Oaxaca,2095,3715944,56.37867524
2003,Puebla,2616,5428158,48.19314397
2003,Querétaro de Arteaga,699,1636560,42.71154128
2003,Quintana Roo,320,1054642,30.34204972
2003,San Luis Potosí,1410,2445009,57.66849938
2003,Sinaloa,1762,2633143,66.91622901
2003,Sonora,1670,2416527,69.10744221
2003,Tabasco,1007,2062700,48.81950841
2003,Tamaulipas,1771,2968581,59.65813296
2003,Tlaxcala,480,1063593,45.13004505
2003,Veracruz Llave,4647,7333249,63.36891056
2003,Yucatán,1055,1797323,58.69840869
2003,Zacatecas,945,1431569,66.01148809
2003,Nacional,59873,104719891,57.17442926
2004,Aguascalientes,619,1079814,57.3246874
2004,Baja California,1532,2845936,53.83114729
2004,Baja California Sur,325,529124,61.42227531
2004,Campeche,413,754622,54.72938769
2004,Coahuila de Zaragoza,1522,2550208,59.68140638
2004,Colima,421,584151,72.07040645
2004,Chiapas,2104,4476586,47.00010231
2004,Chihuahua,2040,3218865,63.37637646
2004,Distrito Federal,6764,8982860,75.29895824
2004,Durango,837,1551703,53.94073479
2004,Guanajuato,2561,5282560,48.48028229
2004,Guerrero,1424,3291452,43.26358094
2004,Hidalgo,1297,2480424,52.28944729
2004,Jalisco,4413,6823155,64.67682472
2004,México,6378,13978080,45.62858418
2004,Michoacán de Ocampo,2579,4220890,61.10085788
2004,Morelos,1058,1663867,63.58681313
2004,Nayarit,704,982991,71.61815317
2004,Nuevo León,2673,4254706,62.82455239
2004,Oaxaca,2106,3738874,56.32711881
2004,Puebla,2712,5493482,49.367596
2004,Querétaro de Arteaga,723,1666361,43.38795735
2004,Quintana Roo,367,1094787,33.52250255
2004,San Luis Potosí,1560,2460435,63.40342257
2004,Sinaloa,1819,2660125,68.38024529
2004,Sonora,1773,2460302,72.06432381
2004,Tabasco,1068,2092064,51.05006348
2004,Tamaulipas,1877,3022458,62.1017728
2004,Tlaxcala,510,1082473,47.11433911
2004,Veracruz Llave,4922,7372393,66.76258306
2004,Yucatán,1081,1823186,59.29181115
2004,Zacatecas,938,1432635,65.47375989
2004,Nacional,61120,105951569,57.68673421
2005,Aguascalientes,626,1096736,57.07845826
2005,Baja California,1614,2912674,55.4129985
2005,Baja California Sur,337,546776,61.63401466
2005,Campeche,414,768097,53.89944239
2005,Coahuila de Zaragoza,1687,2587518,65.19761408
2005,Colima,389,593827,65.50729421
2005,Chiapas,2086,4549034,45.8558894
2005,Chihuahua,2145,3270309,65.59013231
2005,Distrito Federal,6759,8980415,75.26378235
2005,Durango,974,1566228,62.1876253
2005,Guanajuato,2642,5307620,49.77748972
2005,Guerrero,1452,3306347,43.91553579
2005,Hidalgo,1389,2504490,55.46039313
2005,Jalisco,4612,6903508,66.80661484
2005,México,6711,14233514,47.14928443
2005,Michoacán de Ocampo,2613,4233917,61.71590043
2005,Morelos,1061,1681965,63.08097969
2005,Nayarit,721,997581,72.27483282
2005,Nuevo León,2851,4330486,65.83556672
2005,Oaxaca,2262,3749560,60.32707838
2005,Puebla,2798,5545664,50.45383204
2005,Querétaro de Arteaga,828,1692334,48.92651214
2005,Quintana Roo,379,1134284,33.41314874
2005,San Luis Potosí,1445,2477675,58.32080479
2005,Sinaloa,1820,2689158,67.6791769
2005,Sonora,1851,2501653,73.9910771
2005,Tabasco,1113,2120331,52.49180435
2005,Tamaulipas,1924,3075303,62.56294095
2005,Tlaxcala,482,1098660,43.87162543
2005,Veracruz Llave,4952,7409930,66.8292413
2005,Yucatán,1157,1848087,62.60527778
2005,Zacatecas,887,1437330,61.7116459
2005,Nacional,62981,107151011,58.77779352
2006,Aguascalientes,632,1114099,56.7274542
2006,Baja California,1544,2977440,51.85662851
2006,Baja California Sur,359,565024,63.53712409
2006,Campeche,393,781620,50.2801873
2006,Coahuila de Zaragoza,1729,2625332,65.85833716
2006,Colima,391,605061,64.62158361
2006,Chiapas,2232,4616199,48.35146838
2006,Chihuahua,2270,3322439,68.32330104
2006,Distrito Federal,6867,8977954,76.48736004
2006,Durango,934,1585478,58.90967897
2006,Guanajuato,2632,5333508,49.34838384
2006,Guerrero,1476,3325479,44.38458339
2006,Hidalgo,1367,2531941,53.99019961
2006,Jalisco,4683,7000916,66.8912468
2006,México,6848,14497023,47.23728451
2006,Michoacán de Ocampo,2593,4258725,60.88676775
2006,Morelos,1060,1704544,62.18671973
2006,Nayarit,748,1015912,73.62842451
2006,Nuevo León,2831,4408836,64.2119598
2006,Oaxaca,2192,3753744,58.39503173
2006,Puebla,2941,5590760,52.60465482
2006,Querétaro de Arteaga,864,1716842,50.3249571
2006,Quintana Roo,347,1174644,29.54086515
2006,San Luis Potosí,1456,2499894,58.24246948
2006,Sinaloa,1767,2721660,64.9236128
2006,Sonora,1833,2542078,72.10636338
2006,Tabasco,1106,2147091,51.5115568
2006,Tamaulipas,2081,3129386,66.49866779
2006,Tlaxcala,535,1113144,48.06206564
2006,Veracruz Llave,5001,7451476,67.11422006
2006,Yucatán,1144,1872573,61.09241135
2006,Zacatecas,921,1448005,63.60475275
2006,Nacional,63777,108408827,58.83008032
2007,Aguascalientes,595,1133032,52.51396254
2007,Baja California,1726,3041783,56.74303525
2007,Baja California Sur,360,584639,61.57646
2007,Campeche,426,795450,53.55459174
2007,Coahuila de Zaragoza,1763,2664019,66.17820669
2007,Colima,412,617146,66.75891928
2007,Chiapas,2363,4688014,50.40513958
2007,Chihuahua,2223,3376544,65.83654767
2007,Distrito Federal,6865,8973450,76.50346299
2007,Durango,983,1605415,61.23027379
2007,Guanajuato,2686,5377044,49.95309691
2007,Guerrero,1567,3349840,46.77835359
2007,Hidalgo,1428,2565231,55.66750129
2007,Jalisco,4679,7101648,65.88611545
2007,México,7124,14765300,48.24825774
2007,Michoacán de Ocampo,2646,4290259,61.6745982
2007,Morelos,1137,1727522,65.81681738
2007,Nayarit,685,1035898,66.12620161
2007,Nuevo León,2954,4487206,65.83161103
2007,Oaxaca,2232,3773572,59.14820229
2007,Puebla,2900,5651042,51.31796932
2007,Querétaro de Arteaga,859,1746996,49.17011831
2007,Quintana Roo,386,1218194,31.6862503
2007,San Luis Potosí,1557,2525095,61.66104642
2007,Sinaloa,1705,2753754,61.91547974
2007,Sonora,1807,2586060,69.87463555
2007,Tabasco,1074,2174464,49.39148222
2007,Tamaulipas,2109,3184546,66.22608058
2007,Tlaxcala,584,1130405,51.66289958
2007,Veracruz Llave,5013,7505280,66.79297774
2007,Yucatán,1218,1898633,64.15141842
2007,Zacatecas,899,1459907,61.57926498
2007,Nacional,64965,109787388,59.17346353
2008,Aguascalientes,666,1154011,57.71175491
2008,Baja California,1784,3105709,57.44260006
2008,Baja California Sur,401,605343,66.24343554
2008,Campeche,436,809636,53.85136036
2008,Coahuila de Zaragoza,1770,2703905,65.46087973
2008,Colima,408,630606,64.69966984
2008,Chiapas,2358,4762080,49.5161778
2008,Chihuahua,2353,3431517,68.57025625
2008,Distrito Federal,7188,8969421,80.13895211
2008,Durango,1035,1628321,63.56240569
2008,Guanajuato,2788,5437620,51.27243169
2008,Guerrero,1676,3380933,49.57211515
2008,Hidalgo,1539,2605175,59.07472627
2008,Jalisco,4858,7213583,67.34517368
2008,México,7145,15040385,47.50543287
2008,Michoacán de Ocampo,2630,4333681,60.68743869
2008,Morelos,1115,1753157,63.59955212
2008,Nayarit,727,1058677,68.67061436
2008,Nuevo León,2974,4566871,65.12117378
2008,Oaxaca,2132,3804078,56.0451179
2008,Puebla,2972,5722490,51.9354337
2008,Querétaro de Arteaga,859,1780583,48.24262615
2008,Quintana Roo,391,1261970,30.98330388
2008,San Luis Potosí,1569,2555735,61.39134143
2008,Sinaloa,1911,2787098,68.56594207
2008,Sonora,1904,2632192,72.3351488
2008,Tabasco,1175,2202203,53.35566249
2008,Tamaulipas,2154,3239174,66.49843448
2008,Tlaxcala,593,1149453,51.58975617
2008,Veracruz Llave,5279,7571413,69.7227849
2008,Yucatán,1202,1925861,62.41364252
2008,Zacatecas,923,1476134,62.52819866
2008,Nacional,66915,111299015,60.12182588
2009,Aguascalientes,657,1175942,55.87010244
2009,Baja California,1838,3168319,58.0118353
2009,Baja California Sur,392,626900,62.52990908
2009,Campeche,500,824071,60.67438364
2009,Coahuila de Zaragoza,1715,2743966,62.50077443
2009,Colima,405,645050,62.78583056
2009,Chiapas,2525,4836326,52.20905291
2009,Chihuahua,2338,3485093,67.0857277
2009,Distrito Federal,7273,8961594,81.15743695
2009,Durango,1000,1650042,60.60451795
2009,Guanajuato,2833,5503354,51.47769887
2009,Guerrero,1804,3415204,52.82261323
2009,Hidalgo,1471,2649264,55.52485521
2009,Jalisco,4878,7331993,66.53034175
2009,México,7465,15315644,48.74101278
2009,Michoacán de Ocampo,2967,4381615,67.71475814
2009,Morelos,1151,1779708,64.67353071
2009,Nayarit,770,1083772,71.04815404
2009,Nuevo León,3106,4646180,66.85061707
2009,Oaxaca,2148,3838339,55.96170635
2009,Puebla,3006,5796436,51.85945295
2009,Querétaro de Arteaga,883,1815459,48.63783759
2009,Quintana Roo,448,1305885,34.30623677
2009,San Luis Potosí,1549,2589037,59.82919518
2009,Sinaloa,1886,2820908,66.85790533
2009,Sonora,1913,2679501,71.39389013
2009,Tabasco,1194,2229667,53.55059747
2009,Tamaulipas,2200,3290198,66.8652768
2009,Tlaxcala,570,1168846,48.76604788
2009,Veracruz Llave,5325,7646283,69.6416808
2009,Yucatán,1218,1953829,62.33912999
2009,Zacatecas,929,1494169,62.17502839
2009,Nacional,68357,112852594,60.5719351
2010,Aguascalientes,671,1195787,56.11367242
2010,Baja California,1864,3224844,57.80124558
2010,Baja California Sur,373,649616,57.41853649
2010,Campeche,468,836748,55.93081788
2010,Coahuila de Zaragoza,1718,2782013,61.75384515
2010,Colima,484,658910,73.45464479
2010,Chiapas,2584,4903755,52.69431283
2010,Chihuahua,2382,3525273,67.56923506
2010,Distrito Federal,7422,8944599,82.97744818
2010,Durango,948,1669815,56.77275626
2010,Guanajuato,2964,5558502,53.32371923
2010,Guerrero,1787,3444264,51.88336318
2010,Hidalgo,1528,2690086,56.80115803
2010,Jalisco,4971,7442625,66.79095077
2010,México,7873,15571679,50.55973733
2010,Michoacán de Ocampo,2891,4420271,65.4032298
2010,Morelos,1228,1803340,68.09586656
2010,Nayarit,758,1108860,68.35849431
2010,Nuevo León,3172,4723273,67.15682113
2010,Oaxaca,2280,3868109,58.94353029
2010,Puebla,3031,5863823,51.68982761
2010,Querétaro de Arteaga,937,1848191,50.69822329
2010,Quintana Roo,503,1350945,37.23319602
2010,San Luis Potosí,1635,2616459,62.48903575
2010,Sinaloa,1970,2851334,69.09046783
2010,Sonora,2071,2727032,75.94336993
2010,Tabasco,1235,2252641,54.82453707
2010,Tamaulipas,2250,3334664,67.47306475
2010,Tlaxcala,573,1186143,48.30783472
2010,Veracruz Llave,5358,7712247,69.47391597
2010,Yucatán,1221,1980690,61.64518425
2010,Zacatecas,965,1509019,63.94883033
2010,Nacional,70115,114255557,61.36681825
2011,Aguascalientes,674,1215094,55.4689596
2011,Baja California,1863,3275399,56.87856655
2011,Baja California Sur,392,672682,58.27419197
2011,Campeche,442,852373,51.85523239
2011,Coahuila de Zaragoza,1774,2818077,62.95072846
2011,Colima,474,672263,70.50811959
2011,Chiapas,2617,4980633,52.54352208
2011,Chihuahua,2550,3559248,71.64434735
2011,Distrito Federal,7527,8928400,84.30401864
2011,Durango,972,1690418,57.50057086
2011,Guanajuato,3111,5614698,55.40814484
2011,Guerrero,1771,3473454,50.98671236
2011,Hidalgo,1500,2730570,54.9335853
2011,Jalisco,5053,7543233,66.98719236
2011,México,7924,15845558,50.00770563
2011,Michoacán de Ocampo,2823,4458100,63.32294027
2011,Morelos,1223,1827187,66.93348847
2011,Nayarit,799,1132215,70.56963563
2011,Nuevo León,3286,4797263,68.49739112
2011,Oaxaca,2259,3901419,57.9020095
2011,Puebla,3087,5935014,52.01335667
2011,Querétaro de Arteaga,950,1881105,50.5022314
2011,Quintana Roo,509,1395357,36.47811994
2011,San Luis Potosí,1695,2647570,64.02097017
2011,Sinaloa,1994,2878525,69.27158875
2011,Sonora,2126,2767364,76.82401014
2011,Tabasco,1273,2283140,55.75654581
2011,Tamaulipas,2256,3376515,66.81445218
2011,Tlaxcala,584,1206291,48.41286224
2011,Veracruz Llave,5488,7791801,70.43301029
2011,Yucatán,1287,2009160,64.05662068
2011,Zacatecas,947,1522741,62.19048413
2011,Nacional,71230,115682867,61.57350855
2012,Aguascalientes,745,1233921,60.37663675
2012,Baja California,1910,3328623,57.38108521
2012,Baja California Sur,420,695409,60.39611222
2012,Campeche,488,866375,56.32664839
2012,Coahuila de Zaragoza,1882,2854334,65.93482052
2012,Colima,520,685394,75.86877037
2012,Chiapas,2675,5050568,52.96433985
2012,Chihuahua,2509,3598792,69.71783865
2012,Distrito Federal,7503,8911665,84.19302117
2012,Durango,960,1709741,56.14885529
2012,Guanajuato,3103,5668181,54.74419395
2012,Guerrero,1835,3499507,52.43595741
2012,Hidalgo,1635,2768973,59.04716297
2012,Jalisco,5110,7644152,66.84848758
2012,México,8178,16106485,50.77457931
2012,Michoacán de Ocampo,3023,4494730,67.25654266
2012,Morelos,1295,1850812,69.96928916
2012,Nayarit,772,1155448,66.81391114
2012,Nuevo León,3351,4868844,68.8253721
2012,Oaxaca,2373,3930833,60.36888364
2012,Puebla,3278,6002161,54.61366331
2012,Querétaro de Arteaga,1088,1912803,56.87987733
2012,Quintana Roo,530,1440115,36.80261646
2012,San Luis Potosí,1708,2675311,63.84304479
2012,Sinaloa,1974,2905750,67.93426826
2012,Sonora,2208,2809806,78.58193769
2012,Tabasco,1213,2309071,52.531949
2012,Tamaulipas,2305,3419338,67.41070932
2012,Tlaxcala,596,1224637,48.66748269
2012,Veracruz Llave,5680,7858604,72.27746811
2012,Yucatán,1260,2036694,61.86496351
2012,Zacatecas,1007,1536674,65.53114063
2012,Nacional,73134,117053751,62.47898882
2013,Aguascalientes,728,1252265,58.13466
2013,Baja California,2148,3381080,63.52999633
2013,Baja California Sur,445,718196,61.96080179
2013,Campeche,478,880299,54.29973225
2013,Coahuila de Zaragoza,1942,2890108,67.19472075
2013,Colima,497,698295,71.17335796
2013,Chiapas,2887,5119186,56.39568478
2013,Chihuahua,2606,3635966,71.67283742
2013,Distrito Federal,6453,8893742,72.55663589
2013,Durango,996,1728429,57.62458279
2013,Guanajuato,3229,5719709,56.45392099
2013,Guerrero,1803,3523858,51.16551234
2013,Hidalgo,1679,2806334,59.8289441
2013,Jalisco,5211,7742303,67.30555495
2013,México,8265,16364210,50.5065628
2013,Michoacán de Ocampo,2948,4529914,65.07849818
2013,Morelos,1284,1874188,68.50966925
2013,Nayarit,731,1178403,62.03310752
2013,Nuevo León,3439,4941059,69.60046419
2013,Oaxaca,2328,3959042,58.80210415
2013,Puebla,3417,6067607,56.31544693
2013,Querétaro de Arteaga,1027,1943889,52.83223476
2013,Quintana Roo,545,1484960,36.70132529
2013,San Luis Potosí,1757,2702145,65.02241738
2013,Sinaloa,1975,2932313,67.35297357
2013,Sonora,2283,2851462,80.06419163
2013,Tabasco,1263,2334493,54.10168289
2013,Tamaulipas,2354,3461336,68.00842218
2013,Tlaxcala,594,1242734,47.79783928
2013,Veracruz Llave,5645,7923198,71.24648406
2013,Yucatán,1285,2064151,62.25319756
2013,Zacatecas,1074,1550179,69.28232159
2013,Nacional,73316,118395053,61.92488465
