Periodo,Entidad federativa,Número de casos confirmados de paludismo con prueba de gota gruesa positiva que fueron registrados,Población Total,Tasa de incidencia asociada al paludismo por 100 mil habitantes
1990,Nacional,44513,87064847,51.12625995
1990,Aguascalientes,4,824227,0.485303199
1990,Baja California,2,1732550,0.115436784
1990,Baja California Sur,19,339387,5.598328752
1990,Campeche,1618,553106,292.5298225
1990,Coahuila de Zaragoza,0,2005016,0
1990,Colima,423,473115,89.40743794
1990,Chiapas,7325,3314875,220.9736415
1990,Chihuahua,829,2408000,34.4269103
1990,Distrito Federal,0,8695562,0
1990,Durango,445,1389199,32.03284771
1990,Guanajuato,25,4657092,0.536815678
1990,Guerrero,5349,3021955,177.0046212
1990,Hidalgo,357,2207154,16.17467562
1990,Jalisco,585,5765386,10.14676207
1990,México,63,10083763,0.624766766
1990,Michoacán de Ocampo,4776,3978777,120.0368857
1990,Morelos,236,1397700,16.88488231
1990,Nayarit,1276,851666,149.823992
1990,Nuevo León,10,3236128,0.309011263
1990,Oaxaca,9112,3361672,271.0555938
1990,Puebla,478,4494848,10.63439743
1990,Querétaro,38,1245271,3.051544604
1990,Quintana Roo,1576,574852,274.1575223
1990,San Luis Potosí,238,2202098,10.80787504
1990,Sinaloa,6989,2215227,315.4981408
1990,Sonora,714,1858664,38.41468926
1990,Tabasco,894,1637553,54.59365285
1990,Tamaulipas,10,2252956,0.443861309
1990,Tlaxcala,0,817427,0
1990,Veracruz de Ignacio de la Llave,981,6615976,14.82774424
1990,Yucatán,92,1444723,6.368002724
1990,Zacatecas,49,1408922,3.477836246
1991,Nacional,26565,88630941,29.97260291
1991,Aguascalientes,0,844162,0
1991,Baja California,0,1815903,0
1991,Baja California Sur,3,351246,0.854102253
1991,Campeche,804,568384,141.4536651
1991,Coahuila de Zaragoza,0,2042564,0
1991,Colima,85,483048,17.59659496
1991,Chiapas,5792,3395180,170.5947844
1991,Chihuahua,570,2465322,23.12071202
1991,Distrito Federal,0,8738833,0
1991,Durango,275,1402493,19.607941
1991,Guanajuato,2,4718814,0.042383531
1991,Guerrero,1349,3049039,44.24344851
1991,Hidalgo,847,2227905,38.01777903
1991,Jalisco,331,5861907,5.646626601
1991,México,16,10403594,0.153793007
1991,Michoacán de Ocampo,2255,4015276,56.16052296
1991,Morelos,41,1423487,2.880251102
1991,Nayarit,850,862823,98.51383192
1991,Nuevo León,2,3308191,0.060456001
1991,Oaxaca,4615,3396857,135.8608855
1991,Puebla,121,4575107,2.644746888
1991,Querétaro,11,1277558,0.86101766
1991,Quintana Roo,452,610571,74.0290646
1991,San Luis Potosí,685,2227649,30.74990719
1991,Sinaloa,5319,2251748,236.216486
1991,Sonora,506,1901710,26.60763208
1991,Tabasco,790,1675650,47.14588369
1991,Tamaulipas,14,2300861,0.608467874
1991,Tlaxcala,0,836761,0
1991,Veracruz de Ignacio de la Llave,757,6709491,11.28252501
1991,Yucatán,26,1474038,1.763862261
1991,Zacatecas,47,1414769,3.322097106
1992,Nacional,16170,90132585,17.94023771
1992,Aguascalientes,0,863697,0
1992,Baja California,0,1895648,0
1992,Baja California Sur,56,363307,15.4139612
1992,Campeche,554,583930,94.87438563
1992,Coahuila de Zaragoza,0,2080707,0
1992,Colima,24,492181,4.876254874
1992,Chiapas,3895,3476913,112.024661
1992,Chihuahua,369,2521954,14.63151191
1992,Distrito Federal,0,8772275,0
1992,Durango,244,1415393,17.23902831
1992,Guanajuato,1,4777030,0.020933509
1992,Guerrero,639,3075833,20.77486001
1992,Hidalgo,910,2248684,40.46811379
1992,Jalisco,168,5951246,2.822938255
1992,México,15,10706626,0.140100159
1992,Michoacán de Ocampo,1197,4047191,29.57606893
1992,Morelos,13,1448069,0.897747276
1992,Nayarit,611,873510,69.94768234
1992,Nuevo León,2,3378692,0.059194505
1992,Oaxaca,2807,3433323,81.75752762
1992,Puebla,51,4654771,1.095650033
1992,Querétaro,2,1309252,0.15275898
1992,Quintana Roo,233,645180,36.1139527
1992,San Luis Potosí,232,2251877,10.30251652
1992,Sinaloa,2748,2286742,120.1709681
1992,Sonora,332,1944455,17.07419303
1992,Tabasco,612,1711673,35.75449283
1992,Tamaulipas,3,2350664,0.127623514
1992,Tlaxcala,0,856069,0
1992,Veracruz de Ignacio de la Llave,412,6793533,6.064591134
1992,Yucatán,13,1502887,0.865001826
1992,Zacatecas,27,1419273,1.902382417
1993,Nacional,15793,91600655,17.24114309
1993,Aguascalientes,0,882995,0
1993,Baja California,0,1976271,0
1993,Baja California Sur,9,375535,2.396580878
1993,Campeche,552,599335,92.10207981
1993,Coahuila de Zaragoza,1,2119320,0.047184946
1993,Colima,14,500880,2.795080658
1993,Chiapas,4075,3559521,114.4816957
1993,Chihuahua,410,2578946,15.89796762
1993,Distrito Federal,0,8801777,0
1993,Durango,210,1427650,14.70948762
1993,Guanajuato,0,4833834,0
1993,Guerrero,319,3100542,10.28852375
1993,Hidalgo,331,2268750,14.58953168
1993,Jalisco,116,6036556,1.92162551
1993,México,11,11004587,0.099958317
1993,Michoacán de Ocampo,651,4075275,15.9743821
1993,Morelos,6,1471328,0.407794863
1993,Nayarit,360,883537,40.74532249
1993,Nuevo León,2,3448999,0.057987839
1993,Oaxaca,5222,3468037,150.5750948
1993,Puebla,23,4734278,0.485818535
1993,Querétaro,0,1340778,0
1993,Quintana Roo,251,680236,36.8989586
1993,San Luis Potosí,62,2274743,2.725582626
1993,Sinaloa,2152,2320874,92.72368944
1993,Sonora,262,1987353,13.18336501
1993,Tabasco,444,1746827,25.41751416
1993,Tamaulipas,7,2401107,0.291532197
1993,Tlaxcala,0,875468,0
1993,Veracruz de Ignacio de la Llave,274,6871335,3.987580288
1993,Yucatán,18,1531251,1.175509436
1993,Zacatecas,11,1422730,0.773161457
1994,Nacional,12864,93055300,13.82403796
1994,Aguascalientes,0,902128,0
1994,Baja California,0,2058198,0
1994,Baja California Sur,1,387994,0.257735944
1994,Campeche,262,614694,42.62283347
1994,Coahuila de Zaragoza,0,2158403,0
1994,Colima,6,509258,1.178184732
1994,Chiapas,2750,3644811,75.44972839
1994,Chihuahua,695,2636937,26.35633692
1994,Distrito Federal,0,8828375,0
1994,Durango,220,1439646,15.28153449
1994,Guanajuato,0,4889078,0
1994,Guerrero,386,3124968,12.35212649
1994,Hidalgo,114,2288570,4.981276518
1994,Jalisco,74,6118571,1.209432725
1994,México,5,11300207,0.044246977
1994,Michoacán de Ocampo,589,4100535,14.36397933
1994,Morelos,0,1493515,0
1994,Nayarit,271,893093,30.34398433
1994,Nuevo León,2,3519985,0.056818424
1994,Oaxaca,4510,3501881,128.7879285
1994,Puebla,26,4815366,0.53993819
1994,Querétaro,0,1372231,0
1994,Quintana Roo,586,715788,81.86781561
1994,San Luis Potosí,59,2296679,2.568926698
1994,Sinaloa,1795,2354573,76.23462938
1994,Sonora,161,2030370,7.929589188
1994,Tabasco,188,1781609,10.55225922
1994,Tamaulipas,2,2452645,0.081544618
1994,Tlaxcala,0,895027,0
1994,Veracruz de Ignacio de la Llave,122,6945101,1.756633921
1994,Yucatán,40,1559473,2.564969063
1994,Zacatecas,0,1425591,0
1995,Nacional,7423,94490336,7.855829828
1995,Aguascalientes,0,921048,0
1995,Baja California,0,2141231,0
1995,Baja California Sur,3,400667,0.748751457
1995,Campeche,75,629897,11.90670856
1995,Coahuila de Zaragoza,1,2197744,0.045501205
1995,Colima,11,517359,2.126183173
1995,Chiapas,2412,3732019,64.62989604
1995,Chihuahua,391,2695309,14.5066855
1995,Distrito Federal,0,8853087,0
1995,Durango,143,1451581,9.851327621
1995,Guanajuato,0,4941687,0
1995,Guerrero,193,3148736,6.129443688
1995,Hidalgo,83,2308109,3.596017346
1995,Jalisco,69,6197229,1.113400844
1995,México,2,11591879,0.017253458
1995,Michoacán de Ocampo,546,4123078,13.24253385
1995,Morelos,1,1514605,0.066023815
1995,Nayarit,370,902312,41.00577184
1995,Nuevo León,0,3591906,0
1995,Oaxaca,1137,3535280,32.1615261
1995,Puebla,8,4895089,0.163429102
1995,Querétaro,19,1403630,1.35363308
1995,Quintana Roo,245,751792,32.58880116
1995,San Luis Potosí,74,2317524,3.193062941
1995,Sinaloa,1284,2387913,53.77080321
1995,Sonora,118,2073741,5.690199499
1995,Tabasco,167,1816022,9.195923838
1995,Tamaulipas,0,2505876,0
1995,Tlaxcala,0,914661,0
1995,Veracruz de Ignacio de la Llave,50,7013920,0.712868125
1995,Yucatán,21,1587453,1.322873811
1995,Zacatecas,0,1427952,0
1996,Nacional,6293,95876664,6.563640971
1996,Aguascalientes,1,939507,0.106438802
1996,Baja California,0,2224286,0
1996,Baja California Sur,2,413575,0.483588225
1996,Campeche,89,644818,13.80234423
1996,Coahuila de Zaragoza,0,2237025,0
1996,Colima,2,524947,0.380990843
1996,Chiapas,1539,3819739,40.29071096
1996,Chihuahua,309,2753282,11.22296953
1996,Distrito Federal,1,8875396,0.011267103
1996,Durango,135,1462829,9.228693169
1996,Guanajuato,2,4990233,0.040078289
1996,Guerrero,74,3170156,2.334269985
1996,Hidalgo,158,2326530,6.791229857
1996,Jalisco,92,6270725,1.46713498
1996,México,1,11876981,0.008419648
1996,Michoacán de Ocampo,341,4140754,8.235215132
1996,Morelos,2,1533870,0.130389146
1996,Nayarit,388,910767,42.6014557
1996,Nuevo León,0,3663689,0
1996,Oaxaca,1051,3566944,29.46499861
1996,Puebla,11,4969986,0.221328591
1996,Querétaro,4,1434671,0.278809567
1996,Quintana Roo,141,788218,17.88845218
1996,San Luis Potosí,66,2336411,2.824845457
1996,Sinaloa,1516,2420265,62.637769
1996,Sonora,66,2117226,3.117286487
1996,Tabasco,199,1849738,10.75828036
1996,Tamaulipas,0,2560332,0
1996,Tlaxcala,0,934238,0
1996,Veracruz de Ignacio de la Llave,91,7075631,1.286104377
1996,Yucatán,12,1614983,0.743041877
1996,Zacatecas,0,1428912,0
1997,Nacional,4808,97204604,4.946267771
1997,Aguascalientes,0,957443,0
1997,Baja California,0,2306424,0
1997,Baja California Sur,0,426653,0
1997,Campeche,73,659417,11.0703849
1997,Coahuila de Zaragoza,0,2276268,0
1997,Colima,1,531965,0.187982292
1997,Chiapas,1934,3907302,49.49706985
1997,Chihuahua,259,2810765,9.214573257
1997,Distrito Federal,1,8895216,0.011241998
1997,Durango,55,1472961,3.733975306
1997,Guanajuato,0,5034272,0
1997,Guerrero,139,3188433,4.35950826
1997,Hidalgo,25,2343436,1.066809591
1997,Jalisco,64,6338294,1.009735427
1997,México,1,12154856,0.008227165
1997,Michoacán de Ocampo,59,4152556,1.420811664
1997,Morelos,0,1550963,0
1997,Nayarit,257,918289,27.98683203
1997,Nuevo León,2,3735127,0.053545703
1997,Oaxaca,844,3596113,23.46978529
1997,Puebla,6,5042096,0.118998131
1997,Querétaro,1,1465233,0.068248531
1997,Quintana Roo,99,825084,11.99877831
1997,San Luis Potosí,18,2352995,0.764982501
1997,Sinaloa,731,2451312,29.82076537
1997,Sonora,41,2160460,1.897743999
1997,Tabasco,151,1882554,8.021018255
1997,Tamaulipas,1,2615528,0.038233198
1997,Tlaxcala,0,953724,0
1997,Veracruz de Ignacio de la Llave,44,7128785,0.617215977
1997,Yucatán,2,1642042,0.121799564
1997,Zacatecas,0,1428038,0
1998,Nacional,25023,98485424,25.40782076
1998,Aguascalientes,0,974940,0
1998,Baja California,0,2387650,0
1998,Baja California Sur,0,439911,0
1998,Campeche,51,673672,7.570449714
1998,Coahuila de Zaragoza,0,2315412,0
1998,Colima,0,538560,0
1998,Chiapas,5224,3994325,130.785552
1998,Chihuahua,331,2868346,11.53975148
1998,Distrito Federal,0,8912913,0
1998,Durango,53,1482259,3.575623423
1998,Guanajuato,0,5074849,0
1998,Guerrero,141,3204303,4.400332927
1998,Hidalgo,4,2359558,0.169523275
1998,Jalisco,37,6401411,0.57799757
1998,México,0,12424077,0
1998,Michoacán de Ocampo,215,4160121,5.168118908
1998,Morelos,1,1566306,0.063844485
1998,Nayarit,170,925239,18.37363103
1998,Nuevo León,1,3806709,0.02626941
1998,Oaxaca,17520,3623477,483.5134872
1998,Puebla,1,5113198,0.019557232
1998,Querétaro,0,1495409,0
1998,Quintana Roo,59,862418,6.841230123
1998,San Luis Potosí,1,2367678,0.042235473
1998,Sinaloa,764,2481249,30.7909444
1998,Sonora,2,2203557,0.090762345
1998,Tabasco,392,1914591,20.47434674
1998,Tamaulipas,0,2671744,0
1998,Tlaxcala,0,973084,0
1998,Veracruz de Ignacio de la Llave,49,7173835,0.683037734
1998,Yucatán,7,1668680,0.419493252
1998,Zacatecas,0,1425943,0
1999,Nacional,13450,99706067,13.48965053
1999,Aguascalientes,0,991858,0
1999,Baja California,0,2469220,0
1999,Baja California Sur,0,453340,0
1999,Campeche,63,687422,9.164676138
1999,Coahuila de Zaragoza,0,2354430,0
1999,Colima,2,544150,0.367545713
1999,Chiapas,4339,4083410,106.2592294
1999,Chihuahua,565,2926998,19.30305385
1999,Distrito Federal,0,8928176,0
1999,Durango,177,1488305,11.8927236
1999,Guanajuato,0,5114053,0
1999,Guerrero,221,3215867,6.872174751
1999,Hidalgo,3,2374982,0.126316747
1999,Jalisco,12,6452167,0.185984027
1999,México,0,12678984,0
1999,Michoacán de Ocampo,200,4158671,4.809228718
1999,Morelos,2,1577729,0.126764482
1999,Nayarit,217,930087,23.33115074
1999,Nuevo León,1,3876894,0.025793844
1999,Oaxaca,5463,3654932,149.4692651
1999,Puebla,0,5188507,0
1999,Querétaro,0,1527014,0
1999,Quintana Roo,630,900778,69.93954115
1999,San Luis Potosí,0,2378237,0
1999,Sinaloa,1070,2508118,42.66146968
1999,Sonora,0,2247827,0
1999,Tabasco,376,1946169,19.32000767
1999,Tamaulipas,0,2729528,0
1999,Tlaxcala,0,993724,0
1999,Veracruz de Ignacio de la Llave,39,7209103,0.540982699
1999,Yucatán,70,1695601,4.128329719
1999,Zacatecas,0,1419786,0
2000,Nacional,7390,100895811,7.324387333
2000,Aguascalientes,0,1008447,0
2000,Baja California,0,2549842,0
2000,Baja California Sur,0,466455,0
2000,Campeche,37,700708,5.280373565
2000,Coahuila de Zaragoza,0,2393756,0
2000,Colima,0,550291,0
2000,Chiapas,3633,4164853,87.22996946
2000,Chihuahua,705,2987927,23.59495396
2000,Distrito Federal,0,8944935,0
2000,Durango,171,1497613,11.41817011
2000,Guanajuato,0,5143766,0
2000,Guerrero,161,3226387,4.990101931
2000,Hidalgo,0,2390284,0
2000,Jalisco,51,6513479,0.782991701
2000,México,0,12933002,0
2000,Michoacán de Ocampo,135,4162262,3.243428693
2000,Morelos,0,1592066,0
2000,Nayarit,218,936661,23.27416216
2000,Nuevo León,0,3950061,0
2000,Oaxaca,673,3671421,18.3307771
2000,Puebla,7,5250025,0.133332698
2000,Querétaro,0,1554518,0
2000,Quintana Roo,337,938812,35.89643081
2000,San Luis Potosí,0,2390310,0
2000,Sinaloa,791,2537959,31.16677614
2000,Sonora,79,2289991,3.449795218
2000,Tabasco,305,1975910,15.43592573
2000,Tamaulipas,0,2790660,0
2000,Tlaxcala,0,1011736,0
2000,Veracruz de Ignacio de la Llave,36,7232656,0.497742461
2000,Yucatán,51,1721303,2.962871731
2000,Zacatecas,0,1417715,0
2001,Nacional,4996,102122295,4.892173643
2001,Aguascalientes,0,1025563,0
2001,Baja California,0,2627368,0
2001,Baja California Sur,0,480190,0
2001,Campeche,57,714008,7.983103831
2001,Coahuila de Zaragoza,0,2433242,0
2001,Colima,1,557968,0.179221747
2001,Chiapas,2599,4239830,61.29962758
2001,Chihuahua,405,3048688,13.284403
2001,Distrito Federal,0,8961129,0
2001,Durango,138,1511810,9.128131181
2001,Guanajuato,0,5170538,0
2001,Guerrero,89,3240532,2.746462618
2001,Hidalgo,0,2408458,0
2001,Jalisco,27,6592401,0.409562464
2001,México,0,13195345,0
2001,Michoacán de Ocampo,54,4176873,1.292833179
2001,Morelos,0,1611070,0
2001,Nayarit,157,946927,16.57994756
2001,Nuevo León,0,4026904,0
2001,Oaxaca,289,3677835,7.857883782
2001,Puebla,1,5301444,0.018862785
2001,Querétaro,0,1579076,0
2001,Quintana Roo,238,976468,24.37355858
2001,San Luis Potosí,0,2407204,0
2001,Sinaloa,623,2571178,24.23013887
2001,Sonora,59,2330502,2.531643397
2001,Tabasco,227,2004482,11.32462152
2001,Tamaulipas,0,2852000,0
2001,Tlaxcala,0,1027495,0
2001,Veracruz de Ignacio de la Llave,23,7257778,0.316901399
2001,Yucatán,9,1746077,0.515441186
2001,Zacatecas,0,1421912,0
2002,Nacional,4624,103417944,4.471177652
2002,Aguascalientes,0,1043783,0
2002,Baja California,0,2702832,0
2002,Baja California Sur,0,495522,0
2002,Campeche,54,727546,7.422211104
2002,Coahuila de Zaragoza,0,2472921,0
2002,Colima,0,566389,0
2002,Chiapas,2472,4318948,57.23616029
2002,Chihuahua,431,3107892,13.86792076
2002,Distrito Federal,0,8973544,0
2002,Durango,104,1525797,6.816109876
2002,Guanajuato,0,5208629,0
2002,Guerrero,24,3258145,0.736615467
2002,Hidalgo,0,2431444,0
2002,Jalisco,11,6671656,0.164876606
2002,México,0,13459745,0
2002,Michoacán de Ocampo,21,4193971,0.50071877
2002,Morelos,0,1629599,0
2002,Nayarit,91,958314,9.495843742
2002,Nuevo León,0,4103482,0
2002,Oaxaca,260,3696385,7.033899337
2002,Puebla,0,5364489,0
2002,Querétaro,0,1607589,0
2002,Quintana Roo,276,1015299,27.1841103
2002,San Luis Potosí,0,2425828,0
2002,Sinaloa,664,2602506,25.51387009
2002,Sonora,32,2373321,1.348321613
2002,Tabasco,140,2033695,6.884021449
2002,Tamaulipas,0,2911087,0
2002,Tlaxcala,0,1045455,0
2002,Veracruz de Ignacio de la Llave,11,7294006,0.15080876
2002,Yucatán,33,1771733,1.862583132
2002,Zacatecas,0,1426392,0
2003,Nacional,3819,104719891,3.646871634
2003,Aguascalientes,0,1062250,0
2003,Baja California,0,2775926,0
2003,Baja California Sur,0,511831,0
2003,Campeche,21,741113,2.833575986
2003,Coahuila de Zaragoza,0,2512261,0
2003,Colima,0,575411,0
2003,Chiapas,1893,4397267,43.04946686
2003,Chihuahua,272,3165454,8.592764261
2003,Distrito Federal,0,8982214,0
2003,Durango,83,1540255,5.388718102
2003,Guanajuato,0,5247781,0
2003,Guerrero,7,3276596,0.213636347
2003,Hidalgo,0,2456380,0
2003,Jalisco,6,6752883,0.08885094
2003,México,0,13723512,0
2003,Michoacán de Ocampo,3,4212077,0.071223769
2003,Morelos,1,1648428,0.060663857
2003,Nayarit,51,970986,5.252392928
2003,Nuevo León,0,4180268,0
2003,Oaxaca,727,3715944,19.5643422
2003,Puebla,0,5428158,0
2003,Querétaro,0,1636560,0
2003,Quintana Roo,85,1054642,8.059606957
2003,San Luis Potosí,0,2445009,0
2003,Sinaloa,403,2633143,15.30490368
2003,Sonora,78,2416527,3.22777275
2003,Tabasco,173,2062700,8.387065497
2003,Tamaulipas,0,2968581,0
2003,Tlaxcala,0,1063593,0
2003,Veracruz de Ignacio de la Llave,1,7333249,0.01363652
2003,Yucatán,15,1797323,0.834574531
2003,Zacatecas,0,1431569,0
2004,Nacional,3406,105951569,3.214676321
2004,Aguascalientes,0,1079814,0
2004,Baja California,0,2845936,0
2004,Baja California Sur,0,529124,0
2004,Campeche,4,754622,0.530066709
2004,Coahuila de Zaragoza,0,2550208,0
2004,Colima,0,584151,0
2004,Chiapas,1210,4476586,27.02952652
2004,Chihuahua,182,3218865,5.654166919
2004,Distrito Federal,0,8982860,0
2004,Durango,54,1551703,3.480047406
2004,Guanajuato,0,5282560,0
2004,Guerrero,3,3291452,0.091145185
2004,Hidalgo,0,2480424,0
2004,Jalisco,6,6823155,0.08793586
2004,México,0,13978080,0
2004,Michoacán de Ocampo,7,4220890,0.165841801
2004,Morelos,0,1663867,0
2004,Nayarit,27,982991,2.746718942
2004,Nuevo León,0,4254706,0
2004,Oaxaca,1132,3738874,30.27649501
2004,Puebla,0,5493482,0
2004,Querétaro,0,1666361,0
2004,Quintana Roo,45,1094787,4.110388596
2004,San Luis Potosí,0,2460435,0
2004,Sinaloa,529,2660125,19.88628354
2004,Sonora,49,2460302,1.991625418
2004,Tabasco,153,2092064,7.31335179
2004,Tamaulipas,0,3022458,0
2004,Tlaxcala,0,1082473,0
2004,Veracruz de Ignacio de la Llave,0,7372393,0
2004,Yucatán,5,1823186,0.274245195
2004,Zacatecas,0,1432635,0
2005,Nacional,2967,107151011,2.768989273
2005,Aguascalientes,0,1096736,0
2005,Baja California,0,2912674,0
2005,Baja California Sur,0,546776,0
2005,Campeche,1,768097,0.13019189
2005,Coahuila de Zaragoza,0,2587518,0
2005,Colima,0,593827,0
2005,Chiapas,852,4549034,18.72925109
2005,Chihuahua,181,3270309,5.534645197
2005,Distrito Federal,0,8980415,0
2005,Durango,114,1566228,7.278633762
2005,Guanajuato,0,5307620,0
2005,Guerrero,0,3306347,0
2005,Hidalgo,0,2504490,0
2005,Jalisco,2,6903508,0.028970778
2005,México,0,14233514,0
2005,Michoacán de Ocampo,0,4233917,0
2005,Morelos,0,1681965,0
2005,Nayarit,37,997581,3.708972003
2005,Nuevo León,0,4330486,0
2005,Oaxaca,1432,3749560,38.19114776
2005,Puebla,0,5545664,0
2005,Querétaro,0,1692334,0
2005,Quintana Roo,11,1134284,0.969774765
2005,San Luis Potosí,0,2477675,0
2005,Sinaloa,208,2689158,7.734763075
2005,Sonora,29,2501653,1.159233515
2005,Tabasco,97,2120331,4.574757432
2005,Tamaulipas,0,3075303,0
2005,Tlaxcala,0,1098660,0
2005,Veracruz de Ignacio de la Llave,2,7409930,0.026990808
2005,Yucatán,1,1848087,0.054110007
2005,Zacatecas,0,1437330,0
2006,Nacional,2514,108408827,2.318999356
2006,Aguascalientes,0,1114099,0
2006,Baja California,0,2977440,0
2006,Baja California Sur,0,565024,0
2006,Campeche,0,781620,0
2006,Coahuila de Zaragoza,0,2625332,0
2006,Colima,0,605061,0
2006,Chiapas,1373,4616199,29.74308517
2006,Chihuahua,125,3322439,3.762296313
2006,Distrito Federal,0,8977954,0
2006,Durango,133,1585478,8.38863737
2006,Guanajuato,0,5333508,0
2006,Guerrero,0,3325479,0
2006,Hidalgo,0,2531941,0
2006,Jalisco,2,7000916,0.02856769
2006,México,0,14497023,0
2006,Michoacán de Ocampo,0,4258725,0
2006,Morelos,0,1704544,0
2006,Nayarit,24,1015912,2.362409343
2006,Nuevo León,0,4408836,0
2006,Oaxaca,623,3753744,16.59676313
2006,Puebla,0,5590760,0
2006,Querétaro,0,1716842,0
2006,Quintana Roo,21,1174644,1.787775701
2006,San Luis Potosí,0,2499894,0
2006,Sinaloa,103,2721660,3.784455075
2006,Sonora,17,2542078,0.668744232
2006,Tabasco,93,2147091,4.331441937
2006,Tamaulipas,0,3129386,0
2006,Tlaxcala,0,1113144,0
2006,Veracruz de Ignacio de la Llave,0,7451476,0
2006,Yucatán,0,1872573,0
2006,Zacatecas,0,1448005,0
2007,Nacional,2361,109787388,2.15052024
2007,Aguascalientes,0,1133032,0
2007,Baja California,0,3041783,0
2007,Baja California Sur,0,584639,0
2007,Campeche,0,795450,0
2007,Coahuila de Zaragoza,0,2664019,0
2007,Colima,0,617146,0
2007,Chiapas,1548,4688014,33.02037921
2007,Chihuahua,156,3376544,4.620108608
2007,Distrito Federal,0,8973450,0
2007,Durango,45,1605415,2.803013551
2007,Guanajuato,0,5377044,0
2007,Guerrero,0,3349840,0
2007,Hidalgo,0,2565231,0
2007,Jalisco,2,7101648,0.028162477
2007,México,0,14765300,0
2007,Michoacán de Ocampo,0,4290259,0
2007,Morelos,0,1727522,0
2007,Nayarit,38,1035898,3.668314834
2007,Nuevo León,0,4487206,0
2007,Oaxaca,379,3773572,10.04353435
2007,Puebla,0,5651042,0
2007,Querétaro,0,1746996,0
2007,Quintana Roo,14,1218194,1.149242239
2007,San Luis Potosí,0,2525095,0
2007,Sinaloa,112,2753754,4.067175209
2007,Sonora,13,2586060,0.50269522
2007,Tabasco,54,2174464,2.483370615
2007,Tamaulipas,0,3184546,0
2007,Tlaxcala,0,1130405,0
2007,Veracruz de Ignacio de la Llave,0,7505280,0
2007,Yucatán,0,1898633,0
2007,Zacatecas,0,1459907,0
2008,Nacional,2357,111299015,2.117718652
2008,Aguascalientes,0,1154011,0
2008,Baja California,0,3105709,0
2008,Baja California Sur,0,605343,0
2008,Campeche,0,809636,0
2008,Coahuila de Zaragoza,0,2703905,0
2008,Colima,0,630606,0
2008,Chiapas,1136,4762080,23.85512213
2008,Chihuahua,185,3431517,5.391201617
2008,Distrito Federal,0,8969421,0
2008,Durango,38,1628321,2.33369219
2008,Guanajuato,0,5437620,0
2008,Guerrero,0,3380933,0
2008,Hidalgo,0,2605175,0
2008,Jalisco,10,7213583,0.138627365
2008,México,0,15040385,0
2008,Michoacán de Ocampo,0,4333681,0
2008,Morelos,0,1753157,0
2008,Nayarit,71,1058677,6.706483658
2008,Nuevo León,0,4566871,0
2008,Oaxaca,804,3804078,21.13521332
2008,Puebla,0,5722490,0
2008,Querétaro,0,1780583,0
2008,Quintana Roo,15,1261970,1.188617796
2008,San Luis Potosí,0,2555735,0
2008,Sinaloa,76,2787098,2.726850653
2008,Sonora,10,2632192,0.379911496
2008,Tabasco,12,2202203,0.544908894
2008,Tamaulipas,0,3239174,0
2008,Tlaxcala,0,1149453,0
2008,Veracruz de Ignacio de la Llave,0,7571413,0
2008,Yucatán,0,1925861,0
2008,Zacatecas,0,1476134,0
2009,Nacional,2703,112852594,2.395159831
2009,Aguascalientes,0,1175942,0
2009,Baja California,0,3168319,0
2009,Baja California Sur,0,626900,0
2009,Campeche,0,824071,0
2009,Coahuila de Zaragoza,0,2743966,0
2009,Colima,0,645050,0
2009,Chiapas,1098,4836326,22.70318419
2009,Chihuahua,438,3485093,12.56781383
2009,Distrito Federal,0,8961594,0
2009,Durango,42,1650042,2.545389754
2009,Guanajuato,0,5503354,0
2009,Guerrero,0,3415204,0
2009,Hidalgo,0,2649264,0
2009,Jalisco,8,7331993,0.109110852
2009,México,0,15315644,0
2009,Michoacán de Ocampo,0,4381615,0
2009,Morelos,0,1779708,0
2009,Nayarit,76,1083772,7.012545074
2009,Nuevo León,0,4646180,0
2009,Oaxaca,906,3838339,23.60395994
2009,Puebla,0,5796436,0
2009,Querétaro,0,1815459,0
2009,Quintana Roo,4,1305885,0.306305685
2009,San Luis Potosí,0,2589037,0
2009,Sinaloa,98,2820908,3.474058707
2009,Sonora,19,2679501,0.709087252
2009,Tabasco,14,2229667,0.627896453
2009,Tamaulipas,0,3290198,0
2009,Tlaxcala,0,1168846,0
2009,Veracruz de Ignacio de la Llave,0,7646283,0
2009,Yucatán,0,1953829,0
2009,Zacatecas,0,1494169,0
2010,Nacional,1226,114255557,1.073033148
2010,Aguascalientes,0,1195787,0
2010,Baja California,0,3224844,0
2010,Baja California Sur,0,649616,0
2010,Campeche,2,836748,0.239020589
2010,Coahuila de Zaragoza,0,2782013,0
2010,Colima,0,658910,0
2010,Chiapas,679,4903755,13.84653189
2010,Chihuahua,159,3525273,4.51028899
2010,Distrito Federal,0,8944599,0
2010,Durango,51,1669815,3.054230558
2010,Guanajuato,0,5558502,0
2010,Guerrero,0,3444264,0
2010,Hidalgo,0,2690086,0
2010,Jalisco,7,7442625,0.094052838
2010,México,0,15571679,0
2010,Michoacán de Ocampo,0,4420271,0
2010,Morelos,0,1803340,0
2010,Nayarit,74,1108860,6.673520553
2010,Nuevo León,0,4723273,0
2010,Oaxaca,167,3868109,4.317355069
2010,Puebla,0,5863823,0
2010,Querétaro,0,1848191,0
2010,Quintana Roo,8,1350945,0.592178068
2010,San Luis Potosí,0,2616459,0
2010,Sinaloa,59,2851334,2.069206905
2010,Sonora,8,2727032,0.293359227
2010,Tabasco,12,2252641,0.532708052
2010,Tamaulipas,0,3334664,0
2010,Tlaxcala,0,1186143,0
2010,Veracruz de Ignacio de la Llave,0,7712247,0
2010,Yucatán,0,1980690,0
2010,Zacatecas,0,1509019,0
2011,Nacional,1124,115682867,0.971621839
2011,Aguascalientes,0,1215094,0
2011,Baja California,0,3275399,0
2011,Baja California Sur,0,672682,0
2011,Campeche,0,852373,0
2011,Coahuila de Zaragoza,0,2818077,0
2011,Colima,0,672263,0
2011,Chiapas,514,4980633,10.31997338
2011,Chihuahua,297,3559248,8.344459279
2011,Distrito Federal,0,8928400,0
2011,Durango,67,1690418,3.963516716
2011,Guanajuato,0,5614698,0
2011,Guerrero,0,3473454,0
2011,Hidalgo,0,2730570,0
2011,Jalisco,11,7543233,0.145826067
2011,México,0,15845558,0
2011,Michoacán de Ocampo,0,4458100,0
2011,Morelos,0,1827187,0
2011,Nayarit,130,1132215,11.48191819
2011,Nuevo León,0,4797263,0
2011,Oaxaca,21,3901419,0.538265693
2011,Puebla,0,5935014,0
2011,Querétaro,0,1881105,0
2011,Quintana Roo,5,1395357,0.358331237
2011,San Luis Potosí,0,2647570,0
2011,Sinaloa,63,2878525,2.188620908
2011,Sonora,3,2767364,0.108406411
2011,Tabasco,13,2283140,0.569391277
2011,Tamaulipas,0,3376515,0
2011,Tlaxcala,0,1206291,0
2011,Veracruz de Ignacio de la Llave,0,7791801,0
2011,Yucatán,0,2009160,0
2011,Zacatecas,0,1522741,0
2012,Nacional,833,117053751,0.711638878
2012,Aguascalientes,0,1233921,0
2012,Baja California,0,3328623,0
2012,Baja California Sur,0,695409,0
2012,Campeche,0,866375,0
2012,Coahuila de Zaragoza,0,2854334,0
2012,Colima,0,685394,0
2012,Chiapas,255,5050568,5.04893707
2012,Chihuahua,157,3598792,4.362574997
2012,Distrito Federal,0,8911665,0
2012,Durango,124,1709741,7.252560476
2012,Guanajuato,0,5668181,0
2012,Guerrero,0,3499507,0
2012,Hidalgo,0,2768973,0
2012,Jalisco,4,7644152,0.052327583
2012,México,0,16106485,0
2012,Michoacán de Ocampo,0,4494730,0
2012,Morelos,0,1850812,0
2012,Nayarit,115,1155448,9.952849458
2012,Nuevo León,0,4868844,0
2012,Oaxaca,7,3930833,0.178079303
2012,Puebla,0,6002161,0
2012,Querétaro,0,1912803,0
2012,Quintana Roo,14,1440115,0.972144586
2012,San Luis Potosí,0,2675311,0
2012,Sinaloa,150,2905750,5.162178439
2012,Sonora,0,2809806,0
2012,Tabasco,7,2309071,0.30315222
2012,Tamaulipas,0,3419338,0
2012,Tlaxcala,0,1224637,0
2012,Veracruz de Ignacio de la Llave,0,7858604,0
2012,Yucatán,0,2036694,0
2012,Zacatecas,0,1536674,0
2013,Nacional,495,114500185,0.432313712
2013,Aguascalientes,0,1159889,0
2013,Baja California,0,3585848,0
2013,Baja California Sur,0,605137,0
2013,Campeche,0,873879,0
2013,Coahuila de Zaragoza,0,2776375,0
2013,Colima,0,647050,0
2013,Chiapas,155,4861173,3.188530834
2013,Chihuahua,33,3880735,0.850354379
2013,Distrito Federal,0,8809103,0
2013,Durango,67,1585920,4.224677159
2013,Guanajuato,0,5317266,0
2013,Guerrero,0,3304300,0
2013,Hidalgo,0,2524357,0
2013,Jalisco,3,7203731,0.041645086
2013,México,0,16344518,0
2013,Michoacán de Ocampo,0,4297679,0
2013,Morelos,0,1856374,0
2013,Nayarit,126,1042962,12.08097706
2013,Nuevo León,0,4729794,0
2013,Oaxaca,1,3867506,0.025856456
2013,Puebla,0,5941918,0
2013,Querétaro,0,1819427,0
2013,Quintana Roo,11,1399271,0.786123632
2013,San Luis Potosí,0,2474665,0
2013,Sinaloa,85,2938963,2.892176594
2013,Sonora,0,2776832,0
2013,Tabasco,14,2249701,0.62230492
2013,Tamaulipas,0,3601527,0
2013,Tlaxcala,0,1200959,0
2013,Veracruz de Ignacio de la Llave,0,7414573,0
2013,Yucatán,0,1992495,0
2013,Zacatecas,0,1416258,0
2014,Nacional,656,119713203,0.547976314
2014,Aguascalientes,0,1270174,0
2014,Baja California,0,3432944,0
2014,Baja California Sur,0,741037,0
2014,Campeche,224,894136,25.05210671
2014,Coahuila de Zaragoza,0,2925594,0
2014,Colima,0,710982,0
2014,Chiapas,175,5186572,3
2014,Chihuahua,17,3673342,0
2014,Distrito Federal,0,8874724,0
2014,Durango,24,1746805,1.373936638
2014,Guanajuato,0,5769524,0
2014,Guerrero,0,3546710,0
2014,Hidalgo,0,2842784,0
2014,Jalisco,1,7838010,0.01275834
2014,México,0,16618929,0
2014,Michoacán de Ocampo,0,4563849,0
2014,Morelos,0,1897393,0
2014,Nayarit,46,1201202,3.829498768
2014,Nuevo León,0,5013589,0
2014,Oaxaca,0,3986206,0
2014,Puebla,0,6131498,0
2014,Querétaro,0,1974436,0
2014,Quintana Roo,14,1529877,0.915106132
2014,San Luis Potosí,0,2728208,0
2014,Sinaloa,129,2958691,4.360036627
2014,Sonora,11,2892464,0.380298543
2014,Tabasco,15,2359444,0.635743089
2014,Tamaulipas,0,3502721,0
2014,Tlaxcala,0,1260628,0
2014,Veracruz de Ignacio de la Llave,0,7985893,0
2014,Yucatán,0,2091513,0
2014,Zacatecas,0,1563324,0
